编号,短信内容（法语）,"标签(1=垃圾,0=正常)",类别,备注
FR0001,Vous ne rcv plus de msgs du chat svc. Pour les services Hardcore GRATUITS texte Aller à: 69988 Si u obtenir rien u doit Age Vérifiez avec le réseau yr et essayez à nouveau,1,spam,SpamShield 真实数据（CC-BY-4.0）
FR0002,Acheter Space Invaders 4 une chance 2 win orig Arcade console de jeu. Appuyez sur 0 pour Games Arcade (charge WAPstd) Voir o2.co.uk/games 4 Termes + paramètres. Pas d'achat,1,spam,SpamShield 真实数据（CC-BY-4.0）
FR0003,URGENT! C'est la 2ème tentative de contacter U!U ont WON £1000CALL 09071512432 b4 300603t&csBCM4235WC1N3XX.callcost150ppmmobilesvary. max£7.50,1,spam,SpamShield 真实数据（CC-BY-4.0）
FR0004,Voudriez-vous voir mes XXX photos qu'elles sont si chaudes qu'elles ont été presque interdites dans le uk!,1,spam,SpamShield 真实数据（CC-BY-4.0）
FR0005,"Ne m'envoie plus de SMS, je n'ai rien d'autre à dire.",0,normal,SpamShield 真实数据（CC-BY-4.0）
FR0006,Félicitations ur a reçu soit £500 de bons-cadeaux CD & Entrée gratuite 2 notre £100 tirage hebdomadaire txt MUSIC à 87066 TnCs www.Ldew.com1win150ppmx3age16,1,spam,SpamShield 真实数据（CC-BY-4.0）
FR0007,Comment les amis nous aident dans les problèmes? Ils donnent la suggestion la plus stupide que nous Lands dans un autre problème et nous aide à parier le problème précédent,0,normal,SpamShield 真实数据（CC-BY-4.0）
FR0008,Le solde de trésorerie de l'Ur est actuellement de 500 livres - pour maximiser l'encaissement de l'Ur maintenant envoyer COLLECT à 83600 seulement 150p/msg. CC: 08718720201 PO BOX 114/14 TCR/W1,1,spam,SpamShield 真实数据（CC-BY-4.0）
FR0009,"La nuit s'est terminée pour un autre jour, le matin est venu d'une manière spéciale. Puissiez-vous sourire comme les rayons ensoleillés et laissez vos soucis à la baie bleue.",0,normal,SpamShield 真实数据（CC-BY-4.0）
FR0010,#ERREUR!,1,spam,SpamShield 真实数据（CC-BY-4.0）
FR0011,L'argent que j'ai gagné le numéro 946 wot do i do next,1,spam,SpamShield 真实数据（CC-BY-4.0）
FR0012,Sex up ur mobile avec une photo sexy GRATUITE de la Jordanie! Il suffit de texte BABE à 88600. Puis chaque wk obtenir une célébration sexy! PocketBabe.co.uk 4 photos de plus. 16 £3/wk 087016248,1,spam,SpamShield 真实数据（CC-BY-4.0）
FR0013,J'ai mal à la gorge.,0,normal,SpamShield 真实数据（CC-BY-4.0）
FR0014,La vue mal monter sur fb dans quelques minutes,0,normal,SpamShield 真实数据（CC-BY-4.0）
FR0015,Où est-il? Y a-t-il une ouverture pour Mca.,0,normal,SpamShield 真实数据（CC-BY-4.0）
FR0016,"C'est 6 £ pour entrer, c'est bon?",0,normal,SpamShield 真实数据（CC-BY-4.0）
FR0017,Ur ringtone service a changé! 25 crédits gratuits! Allez sur club4mobiles.com pour choisir le contenu maintenant! Stop? txt CLUB STOP à 87070. 150p/wk Club4 PO Box1146 MK45 2WT,1,spam,SpamShield 真实数据（CC-BY-4.0）
FR0018,"La science dit que le chocolat va fondre sous le soleil. S'il vous plaît ne marchez pas sous le soleil. BCoz, je ne veux pas perdre un ami doux.",0,normal,SpamShield 真实数据（CC-BY-4.0）
FR0019,"Bonjour d'Orange. Pour 1 mois d'accès gratuit aux jeux, aux nouvelles et au sport, plus 10 textes gratuits et 20 messages photos, répondez OUI.",1,spam,SpamShield 真实数据（CC-BY-4.0）
FR0020,On n'ira qu'aux pilates d'intro ou au kickboxing aussi?,0,normal,SpamShield 真实数据（CC-BY-4.0）
FR0021,"Non, j'ai oublié, je viendrai la semaine prochaine.",0,normal,SpamShield 真实数据（CC-BY-4.0）
FR0022,"Je ne fume pas pendant que les gens utilisent ""Wylie fume trop"" pour justifier la ruine de ma merde",0,normal,SpamShield 真实数据（CC-BY-4.0）
FR0023,URGENT! Votre numéro mobile a reçu un prix <UKP>2000 GARANTIED. Appelez 09061790125 de la ligne fixe. Réclamation 3030. Valable 12hs seulement 150ppm,1,spam,SpamShield 真实数据（CC-BY-4.0）
FR0024,Entrée GRATUITE dans notre concours hebdomadaire £250 juste envoyer le mot WIN à 80086 MAINTENANT. 18 T&C www.txttowin.co.uk,1,spam,SpamShield 真实数据（CC-BY-4.0）
FR0025,À quelle heure pensez-vous en aller?,0,normal,SpamShield 真实数据（CC-BY-4.0）
FR0026,"Oui, c'est dur, mais nous sommes optimistes, les choses vont s'améliorer ce mois-ci.",0,normal,SpamShield 真实数据（CC-BY-4.0）
FR0027,88800 et 89034 sont des services téléphoniques premium au numéro 08718711108,1,spam,SpamShield 真实数据（CC-BY-4.0）
FR0028,"Oui, il y a à peine assez de place pour nous deux, x a trop de chaussures.",0,normal,SpamShield 真实数据（CC-BY-4.0）
FR0029,"Aujourd'hui, les numéros Vodafone se terminant par 4882 sont sélectionnés pour recevoir un prix £350. Si votre numéro correspond, appelez le 09064019014 pour recevoir votre prix £350.",1,spam,SpamShield 真实数据（CC-BY-4.0）
FR0030,Puis-je rencontrer ü à 5.. Comme 4 où dépend de où ü wan 2 en lor..,0,normal,SpamShield 真实数据（CC-BY-4.0）
FR0031,Économisez de l'argent sur la lingerie de mariage à www.bridal.petticoatdreams.co.uk Choisissez parmi une superbe sélection avec livraison nationale.,1,spam,SpamShield 真实数据（CC-BY-4.0）
FR0032,Ok lar je double vérifier wif da coiffeur déjà il a dit wun couper v court. Il a dit couper jusqu'à ce que je sois belle.,0,normal,SpamShield 真实数据（CC-BY-4.0）
FR0033,Vous avez une importante annonce de service à la clientèle de PREMIER. Appelez FREEPHONE 0800 542 0578 maintenant!,1,spam,SpamShield 真实数据（CC-BY-4.0）
FR0034,Dites à vos amis ce que vous comptez faire le jour de la Saint-Valentin @ &lt;URL&gt;,0,normal,SpamShield 真实数据（CC-BY-4.0）
FR0035,Votre prochaine vidéo incroyable xxx PICSFREE1 sera envoyée à vous en profiter! Si une vidéo n'est pas suffisante pour 2 jours de texte en arrière le mot clé PICSFREE1 pour obtenir la prochaine vidéo.,1,spam,SpamShield 真实数据（CC-BY-4.0）
FR0036,"Je ne pense pas que je puisse partir pour un trek aussi long avec la famille en ville, désolé",0,normal,SpamShield 真实数据（CC-BY-4.0）
FR0037,"Client d'UpgrdCentre Orange, vous pouvez maintenant demander votre mise à jour gratuite CAMERA PHONE pour votre fidélité. Appelez maintenant au 0207 153 9153. L'offre se termine le 26 juillet.",1,spam,SpamShield 真实数据（CC-BY-4.0）
FR0038,Vous avez une importante annonce de service à la clientèle de PREMIER.,1,spam,SpamShield 真实数据（CC-BY-4.0）
FR0039,Avez-vous eu votre mobile 11 mois ou plus? U R a droit à mettre à jour les derniers mobiles couleur avec caméra gratuitement! Appelez The Mobile Update Co GRATUIT au 08002986030,1,spam,SpamShield 真实数据（CC-BY-4.0）
FR0040,"Dis-moi ce qui arrive, ne te comporte pas comme ça.",0,normal,SpamShield 真实数据（CC-BY-4.0）
FR0041,"Quelqu'un U know a demandé à notre service de rencontres 2 vous contacter! Cant devinez qui? APPELER 09058095107 MAINTENANT tout sera révélé. POBox 7, S3XY 150p",1,spam,SpamShield 真实数据（CC-BY-4.0）
FR0042,URGENT! Nous essayons de vous contacter. Dernier tirage du week-end montre que vous avez gagné un prix de £900 GARANTIE. Appelez 09061701851. Code de réclamation K61. Valable 12heures seulement,1,spam,SpamShield 真实数据（CC-BY-4.0）
FR0043,U sont abonnés au meilleur service de contenu mobile au Royaume-Uni pour £3 par 10 jours jusqu'à ce que vous envoyez STOP à 82324.,1,spam,SpamShield 真实数据（CC-BY-4.0）
FR0044,Bonjour beautiful! Vous trouvez ce travail? Ne pas être paresseux? Travailler pour récupérer ce filet pour maman? Où est mon petit jouet maintenant? Je lui manque?,0,normal,SpamShield 真实数据（CC-BY-4.0）
FR0045,"Double minutes et txts 4 6mois Bluetooth gratuit sur Orange. Disponible sur les téléphones Sony, Nokia Motorola. Appelez MobileUpd8 sur 08000839402 ou call2optout/N9DX",1,spam,SpamShield 真实数据（CC-BY-4.0）
FR0046,Appelez de 08702490080 - dit u 2 appelez 09066358152 pour réclamer £5000 prix. U ont 2 entrer tous les détails mobiles et personnels ur @ les invites. Attention!,1,spam,SpamShield 真实数据（CC-BY-4.0）
FR0047,74355 XMAS iscoming & ur récompensé soit £500 chèque-cadeau CD & entrée gratuite 2 r £100 tirage hebdomadaire txt MUSIC à 87066 TnC,1,spam,SpamShield 真实数据（CC-BY-4.0）
FR0048,Conférence de presse da:),0,normal,SpamShield 真实数据（CC-BY-4.0）
FR0049,Ok... réponse typique d'Ur...,0,normal,SpamShield 真实数据（CC-BY-4.0）
FR0050,Rappel: Vous n'avez pas téléchargé le contenu que vous avez déjà payé. Goto http://doit. mymoby. tv/ pour collecter votre contenu.,1,spam,SpamShield 真实数据（CC-BY-4.0）
FR0051,"Je me suis sentie chier ce matin, mais je crois que je suis en pleine gueule de bois!",0,normal,SpamShield 真实数据（CC-BY-4.0）
FR0052,Je connais quelques personnes que je peux baiser et baiser avec le oui,0,normal,SpamShield 真实数据（CC-BY-4.0）
FR0053,"Bienvenue à Select, un service O2 avec des avantages supplémentaires. Vous pouvez maintenant appeler nos conseillers spécialement formés GRATUITEMENT depuis votre mobile en composant 402.",1,spam,SpamShield 真实数据（CC-BY-4.0）
FR0054,Je dois récupérer la voiture à 6 lei.,0,normal,SpamShield 真实数据（CC-BY-4.0）
FR0055,Cette rémunération est de &lt;DECIMAL&gt; lakhs:),0,normal,SpamShield 真实数据（CC-BY-4.0）
FR0056,Ringtone Club: Gr8 nouveaux polys directs à votre mobile chaque semaine!,1,spam,SpamShield 真实数据（CC-BY-4.0）
FR0057,"Oui, c'est au paragon... je n'ai pas encore décidé si 2 coupures...",0,normal,SpamShield 真实数据（CC-BY-4.0）
FR0058,Voulez-vous un nouveau téléphone vidéo? 600 anytime any network mins 400 Inclusive Video calls AND downloads 5 par semaine Free delTOmorrow appelez 08002888812 ou répondez MAINTENANT,1,spam,SpamShield 真实数据（CC-BY-4.0）
FR0059,"J'ai raté votre appel parce que j'ai crié à la racaille, Mlle U. J'ai hâte que vous rentriez.",0,normal,SpamShield 真实数据（CC-BY-4.0）
FR0060,"Pour votre chance de gagner 250 £ d'argent par wk TXT: ACTION à 80608. T's&C's www.movietrivia.tv custcare 08712405022, 1x150p/wk.",1,spam,SpamShield 真实数据（CC-BY-4.0）
FR0061,"Haha génial, omw à l'époque",0,normal,SpamShield 真实数据（CC-BY-4.0）
FR0062,"Ooh, 4got, je vais commencer à danser dans le ventre à Moseley Weds 6.30 si tu veux 2 me rejoindre, ils ont un café aussi.",0,normal,SpamShield 真实数据（CC-BY-4.0）
FR0063,J'ai fini mon déjeuner puis j'ai décroché lor. Ard 3 smth lor. U fini le déjeuner ur déjà?,0,normal,SpamShield 真实数据（CC-BY-4.0）
FR0064,FreeMsg: Fancy a flirt? Répondre DATE now & rejoignez le service de rencontres mobiles à croissance la plus rapide au Royaume-Uni. Msgs rcvd just 25p to optout txt stop to 83021. Répondre DATE now!,1,spam,SpamShield 真实数据（CC-BY-4.0）
FR0065,"Sppok up ur mob avec une collection d'Halloween de nokia logo&pic message plus un ton d'eerie GRATUIT, txt CARD SPOOK à 8007",1,spam,SpamShield 真实数据（CC-BY-4.0）
FR0066,RT-KIng Pro Video Club>> Besoin d'aide? info@ringtoneking.co.uk ou composez le 08701237397 Vous devez être 16+ crédits Club échangeables à www.ringtoneking.co.uk! Profitez!,1,spam,SpamShield 真实数据（CC-BY-4.0）
FR0067,"Pouvez-vous s'il vous plaît demander à macho quelle est sa fourchette de prix, veut-il quelque chose de nouveau ou utilisé plus il ne s'entrefued dans la baie noire bold &lt;#&gt; ou tout bb",0,normal,SpamShield 真实数据（CC-BY-4.0）
FR0068,Vous êtes un gagnant U ont été spécialement sélectionnés 2 recevoir £1000 ou un 4* vacances (vols inc) parler à un opérateur en direct 2 réclamation 0871277810910p/min (18+),1,spam,SpamShield 真实数据（CC-BY-4.0）
FR0069,"Alors, vous avez des épaules de samus pour l'instant.",0,normal,SpamShield 真实数据（CC-BY-4.0）
FR0070,Tonalités gratuites J'espère que vous avez apprécié votre nouveau contenu. text stop to 61610 to unsubscribe. help:08712400602450p Offert par tones2you.co.uk,1,spam,SpamShield 真实数据（CC-BY-4.0）
FR0071,"Eh bien, je voulais dire plutôt que ma nuit d'ébriété d'avant",0,normal,SpamShield 真实数据（CC-BY-4.0）
FR0072,Bien joué ENGLAND! Obtenez la sonnerie poly officielle ou drapeau de couleur sur yer mobile! texte TONE ou FLAG à 84199 MAINTENANT! Optez pour Txt ENG STOP. Box39822 W111WX £1.50,1,spam,SpamShield 真实数据（CC-BY-4.0）
FR0073,"Salut, les filles de SEXYCHAT vous attendent pour leur envoyer un texto. Text maintenant pour une bonne conversation de nuit. envoyer STOP pour arrêter ce service",1,spam,SpamShield 真实数据（CC-BY-4.0）
FR0074,SMS AUCTION - Un nouveau Nokia 7250 est en hausse 4 vente aux enchères aujourd'hui! La vente aux enchères est GRATUITE 2 rejoindre et prendre part! Txt NOKIA à 86021 maintenant! HG/Suite342/2Lands Row/W1J6HL,1,spam,SpamShield 真实数据（CC-BY-4.0）
FR0075,Mais les pls ne jouent pas dans la vie des autres.,0,normal,SpamShield 真实数据（CC-BY-4.0）
FR0076,Ça ressemble à quelque chose que quelqu'un me tester me dirait,0,normal,SpamShield 真实数据（CC-BY-4.0）
FR0077,Un petit problème de prestige maintenant.,0,normal,SpamShield 真实数据（CC-BY-4.0）
FR0078,"Pour moi, il n'y a pas de permission vendredi.",0,normal,SpamShield 真实数据（CC-BY-4.0）
FR0079,Voulez-vous 750 à tout moment any network mins 150 text et un nouveau téléphone VIDEO pour seulement cinq livres par semaine appeler 08002888812 ou répondre à la livraison demain,1,spam,SpamShield 真实数据（CC-BY-4.0）
FR0080,"Vous êtes garanti le dernier Nokia Phone, un lecteur MP3 iPod 40 Go ou un prix £500! Txt mot: COLLECT to No: 83355! IBHltd LdnW15H 150p/Mtmsgrcvd18+",1,spam,SpamShield 真实数据（CC-BY-4.0）
FR0081,Nous avons essayé de vous appeler re votre réponse à nos sms pour une vidéo mobile 750 minutes ILLIMITED TEXTE caméscope gratuit Répondre ou appeler maintenant 08000930705 Del Thurs,1,spam,SpamShield 真实数据（CC-BY-4.0）
FR0082,Félicitations ur récompensé 500 de bons CD ou 125 cadeaux garantis & Entrée gratuite 2 100 wkly tirage txt MUSIC à 87066,1,spam,SpamShield 真实数据（CC-BY-4.0）
FR0083,< Forwarded from 448712404000>Veuillez appeler immédiatement 08712404000 car il y a un message urgent qui vous attend.,1,spam,SpamShield 真实数据（CC-BY-4.0）
FR0084,Client T-Mobile vous pouvez maintenant réclamer votre mise à jour gratuite de CAMERA PHONE et une carte SIM pay & go pour votre fidélité. Appelez au 0845 021 3680.,1,spam,SpamShield 真实数据（CC-BY-4.0）
FR0085,Vous êtes un gagnant que vous avez été spécialement sélectionné pour recevoir £1000 cash ou un prix £2000. Parlez à un opérateur en direct pour réclamer l'appel 087147123779am-19pm. Coût 10p,1,spam,SpamShield 真实数据（CC-BY-4.0）
FR0086,"Ne vous inquiétez pas, 1 jour très grand lagu ji vl come..jusqu'à ce que la fête de batchlor:-)",0,normal,SpamShield 真实数据（CC-BY-4.0）
FR0087,Tu te souviens de moi?,0,normal,SpamShield 真实数据（CC-BY-4.0）
FR0088,Comment va-t-on?,0,normal,SpamShield 真实数据（CC-BY-4.0）
FR0089,"C'est intéressant? sextextuk.com txt XXUK SUZY à 69876. Txts coûte 1,50 par msg. TnCs sur le site. X",1,spam,SpamShield 真实数据（CC-BY-4.0）
FR0090,Combien de r ü sont prêts à payer?,0,normal,SpamShield 真实数据（CC-BY-4.0）
FR0091,"Wat me fait tomber, mais en fait, je suis très encline à tomber 2 fois. Heureusement que mon père est à la maison, je lui demande de venir me chercher.",0,normal,SpamShield 真实数据（CC-BY-4.0）
FR0092,Urgent! S'il vous plaît appelez 09061743811 à partir de la ligne fixe. Votre ABTA gratuit 4* Tenerife Holiday ou £ 5000 espèces attendent la collection SAE T&Cs Box 326 CW25WX 150ppm,1,spam,SpamShield 真实数据（CC-BY-4.0）
FR0093,"URGENT! Votre mobile No 077xxx WON un £2,000 Bonus Caller Prize le 02/06/03! C'est la 2ème tentative pour vous joindre! Appelez 0906636206 au plus vite! BOX97N7QP, 150ppm",1,spam,SpamShield 真实数据（CC-BY-4.0）
FR0094,Ou mieux encore pouvez-vous l'attraper et lui demander si elle peut vendre &lt;#&gt; pour moi.,0,normal,SpamShield 真实数据（CC-BY-4.0）
FR0095,Maintenant seulement je suis arrivé à la maison... Je suis très fatigué maintenant.. Je vais venir tomorro,0,normal,SpamShield 真实数据（CC-BY-4.0）
FR0096,J'ai cherché les bons mots pour vous remercier pour ce respirateur. Je promets que je ne tiendrai pas votre aide pour acquise et réaliserai ma promesse. Vous avez été merveilleux et une bénédiction en tout temps.,0,normal,SpamShield 真实数据（CC-BY-4.0）
FR0097,"But! Arsenal 4 (Henry, 7 vs Liverpool 2 Henry marque avec un simple tir de 6 mètres d'une passe de Bergkamp pour donner à Arsenal une marge de 2 buts après 78 minutes.",1,spam,SpamShield 真实数据（CC-BY-4.0）
FR0098,Il met certainement les choses en perspective quand quelque chose comme ça arrive,0,normal,SpamShield 真实数据（CC-BY-4.0）
FR0099,La mère de notre Prashanthettan est décédée hier soir. Priez pour elle et sa famille.,0,normal,SpamShield 真实数据（CC-BY-4.0）
FR0100,La ferme était ouverte?,0,normal,SpamShield 真实数据（CC-BY-4.0）
FR0101,K. et d'autres spéciaux?,0,normal,SpamShield 真实数据（CC-BY-4.0）
FR0102,Dunno parce que j'étais en retard quand j'arrive à l'intérieur... mais on a mangé des camédies lor... c'est les filles qui se moquent de moi lor...,0,normal,SpamShield 真实数据（CC-BY-4.0）
FR0103,"Oui, donne-moi quelques minutes pour retrouver mon portefeuille.",0,normal,SpamShield 真实数据（CC-BY-4.0）
FR0104,Vous êtes invités à recevoir un prix de £350! Pls appelez le numéro de réclamation 09066364311 pour recueillir votre prix que vous êtes sélectionné pour recevoir en tant que client mobile de valeur.,1,spam,SpamShield 真实数据（CC-BY-4.0）
FR0105,Félicitations U peut réclamer 2 VIP ligne A Billets 2 C Blu en concert en novembre ou Blu cadeau garanti Appelez 09061104276 pour réclamer TS&Cs www.smsco.net coût £3.75max,1,spam,SpamShield 真实数据（CC-BY-4.0）
FR0106,2p par min pour appeler l'Allemagne 08448350055 de votre ligne BT. Juste 2p par min. Vérifiez PlanetTalkInstant.com pour info & T's & C's.,1,spam,SpamShield 真实数据（CC-BY-4.0）
FR0107,K.k:)Quand partez-vous?,0,normal,SpamShield 真实数据（CC-BY-4.0）
FR0108,"Si vous ne le faites pas, votre prix ira à un autre client. T&C à www.t-c.biz 18+ 150p/min Polo Ltd Suite 373 London W1J 6HL Veuillez rappeler si occupé",1,spam,SpamShield 真实数据（CC-BY-4.0）
FR0109,Message Informations importantes pour l'utilisateur O2. Aujourd'hui est votre jour de chance! 2 découvrez pourquoi vous connecter à http://www.urawinner.com il ya une surprise fantastique vous attend,1,spam,SpamShield 真实数据（CC-BY-4.0）
FR0110,"HOT LIVE FANTASIES appelez maintenant 08707509020 Juste 20p par min NTT Ltd, PO Box 1327 Croydon CR9 5WB 0870..k",1,spam,SpamShield 真实数据（CC-BY-4.0）
FR0111,N'oubliez pas que vous pouvez placer autant de Demandes GRATUITES avec 1stchoice.co.uk que vous le souhaitez. Pour plus d'informations appelez le 08707808226.,1,spam,SpamShield 真实数据（CC-BY-4.0）
FR0112,R ü comin retour pour le dîner?,0,normal,SpamShield 真实数据（CC-BY-4.0）
FR0113,Quand allez-vous acheter un bb cos que j'ai à vendre et comment va-t-il?,0,normal,SpamShield 真实数据（CC-BY-4.0）
FR0114,APPELEZ 09090900040 & ÉCRIVEZ-VOUS À L'EXTREME DIRTY LIVE CHAT ALLER DANS L'OFFICE À L'OCTROI TOTAL DE LA VIE PRIVÉE Personne ne connaît votre [sic] ÉCRIVEZ 60P MIN 24/7MP 0870753331018+,1,spam,SpamShield 真实数据（CC-BY-4.0）
FR0115,Vous êtes prêts pour un grand jour demain?,0,normal,SpamShield 真实数据（CC-BY-4.0）
FR0116,"ER, ENJOYIN INDIENS AU MO..YEP. SALL GOOD HehE ;> Comment se passe-t-il u shexy? Pete Xx",0,normal,SpamShield 真实数据（CC-BY-4.0）
FR0117,J'espère que tu te sentiras mieux bientôt.,0,normal,SpamShield 真实数据（CC-BY-4.0）
FR0118,U ont un admirateur secret. REVEAL qui pense U R Si spécial. Appelez 09065174042. Pour refuser Répondre REVEAL STOP. 1.50 par msg recd. Cust care 07821230901,1,spam,SpamShield 真实数据（CC-BY-4.0）
FR0119,Ce msg est pour votre commande de contenu mobile Il a été ressenti comme tentative précédente échouée en raison d'une erreur réseau Demandes à clientsqueries@netvision.uk.com,1,spam,SpamShield 真实数据（CC-BY-4.0）
FR0120,"FreeMsg Hey il ya ma chérie il a été 3 semaines maintenant et aucun mot de retour! J'aimerais que vous vous amusez encore pour elle? Tb ok! XxX std chgs à envoyer, £1,50 à rcv",1,spam,SpamShield 真实数据（CC-BY-4.0）
FR0121,Je rentre chez moi dans 5 min.,0,normal,SpamShield 真实数据（CC-BY-4.0）
FR0122,Va la chercher et va la chercher pendant qu'elle traverse la rue.,0,normal,SpamShield 真实数据（CC-BY-4.0）
FR0123,Tu veux aller à Walmart bientôt?,0,normal,SpamShield 真实数据（CC-BY-4.0）
FR0124,"Last Chance! Réclamez une valeur de £150 de bons de réduction aujourd'hui! Texte SHOP à 85023 maintenant! SavaMob, offre mobile! T Cs SavaMob POBOX84, M263UZ. £3.00 Sub. 16",1,spam,SpamShield 真实数据（CC-BY-4.0）
FR0125,URGENT! Nous essayons de contacter U. Todays draw montre que vous avez gagné un prix de £800 GUARANTIEED. Appelez 09050003091 de la ligne terrestre. Réclamation C52. Valable 12hrs seulement,1,spam,SpamShield 真实数据（CC-BY-4.0）
FR0126,"Je veux une bite! Mon mari est loin, j'ai besoin d'un vrai homme 2 me satisfaire. Txt WIFE à 89938 pour aucune action de cordes. (Txt STOP 2 fin, txt rec £1.50ea. OTBox 731 LA1 7WS. )",1,spam,SpamShield 真实数据（CC-BY-4.0）
FR0127,"Comme &lt;#&gt;, même question",0,normal,SpamShield 真实数据（CC-BY-4.0）
FR0128,Est-ce qu'il n'y a pas de &lt;#&gt;?,0,normal,SpamShield 真实数据（CC-BY-4.0）
FR0129,Vous êtes un gagnant que vous avez été spécialement sélectionné pour recevoir £1000 cash ou un prix £2000. Parlez à un opérateur en direct pour réclamer l'appel 087123002209am-19pm. Coût 10p,1,spam,SpamShield 真实数据（CC-BY-4.0）
FR0130,Lieu client je vous appellerai,0,normal,SpamShield 真实数据（CC-BY-4.0）
FR0131,Je suppose que le post est arrivé alors! Vous devez avoir 1000s de textes maintenant! Bonne lecture. Mon celui de wiv hello caroline à la fin est mon préféré.,0,normal,SpamShield 真实数据（CC-BY-4.0）
FR0132,URGENT! Nous essayons de contacter U. Todays draw montre que vous avez gagné un prix de £2000 GARANTIEED. Appelez 09066358361 de la ligne terrestre.,1,spam,SpamShield 真实数据（CC-BY-4.0）
FR0133,Summers enfin ici! Fantastique un chat ou flirt avec des singles sexy dans la région de l'an? Pour obtenir MATCHED juste répondez SUMMER maintenant. Gratuit 2 Rejoignez. OptOut txt STOP Help08714742804,1,spam,SpamShield 真实数据（CC-BY-4.0）
FR0134,UR GOING 2 BAHAMAS! Appelez FREEEFONE 08081560665 et parlez à un opérateur en direct pour réclamer soit les Bahamas croisières de £2000 CASH 18+seulement. Pour refuser txt X à 07786200117,1,spam,SpamShield 真实数据（CC-BY-4.0）
FR0135,"Rentre à la maison, je ne veux pas que tu sois malheureux.",0,normal,SpamShield 真实数据（CC-BY-4.0）
FR0136,Vous avez vu ce que j'ai posté sur votre Facebook?,0,normal,SpamShield 真实数据（CC-BY-4.0）
FR0137,"U can WIN £100 of Music Gift Bonkers chaque semaine à partir de MAINTENANT Txt le mot DRAW à 87066 TsCs www.Idew.com SkillGame, 1Winaweek, age16. 150ppermessAbonnement",1,spam,SpamShield 真实数据（CC-BY-4.0）
FR0138,Ce message est gratuit. Bienvenue dans le nouveau et amélioré Sex & Dogging club! Pour se désabonner de ce service répondez STOP. msgs@150p 18 seulement,1,spam,SpamShield 真实数据（CC-BY-4.0）
FR0139,Quelle est la signification?,0,normal,SpamShield 真实数据（CC-BY-4.0）
FR0140,Devinez qui suis-je?C'est la première fois que j'ai créé une page web WWW.ASJESUS.COM a lu tout ce que j'ai écrit. J'attends vos avis. Je veux être votre ami 1/1,1,spam,SpamShield 真实数据（CC-BY-4.0）
FR0141,Un prix de 400 £ XMAS vous attend! Notre ordinateur vous a choisi au hasard parmi nos fidèles clients mobiles pour recevoir une récompense de 400 £. Il suffit d'appeler 09066380611,1,spam,SpamShield 真实数据（CC-BY-4.0）
FR0142,Vous avez 1 nouveau message vocal. S'il vous plaît appelez 08719181503,1,spam,SpamShield 真实数据（CC-BY-4.0）
FR0143,Bonjour son en durban êtes-vous toujours sur ce numéro,0,normal,SpamShield 真实数据（CC-BY-4.0）
FR0144,"Félicitations! 1 an de laissez-passer spécial cinéma pour 2 est à vous. appelez le 09061209465 maintenant! C Suprman V, Matrix3, StarWars3, etc tous les 4 GRATUIT! bx420-ip4-5we. 150pm. Ne manquez pas!",1,spam,SpamShield 真实数据（CC-BY-4.0）
FR0145,Vous voulez de vrais emplacements de dogging envoyés directement à ur mobile? Rejoignez le plus grand réseau de dogging du Royaume-Uni. Txt PARK à 69696 maintenant! Nyt. ec2a. 3lp £1.50/msg,1,spam,SpamShield 真实数据（CC-BY-4.0）
FR0146,"U ont été surenchérir par simonwatson5120 sur le DVD de Shinco Plyr. 2 offre à nouveau, visiter sms. ac/smsrewards 2 avis d'appel d'offres final, répondre END OUT",1,spam,SpamShield 真实数据（CC-BY-4.0）
FR0147,Natalie (20/F) vous invite à être son amie. Réponse OUI-165 ou NO-165 Voir elle: www.SMS.ac/u/natalie2k9 STOP? Envoyer STOP FRND au 62468,1,spam,SpamShield 真实数据（CC-BY-4.0）
FR0148,Envoyer un logo 2 ur amant - 2 noms rejoints par un cœur. Txt LOVE NAME1 NAME2 MOBNO eg LOVE ADAM EVE 07123456789 à 87077 Yahoo! POBox36504W45WQ TxtNO 4 pas d'annonces 150p.,1,spam,SpamShield 真实数据（CC-BY-4.0）
FR0149,Il faut le convaincre qu'il n'est pas possible qu'il fasse mal à son sentiment qu'il est le principal.,0,normal,SpamShield 真实数据（CC-BY-4.0）
FR0150,URGENT! Nous essayons de contacter U Todays tirage montre que vous avez gagné un £800 prix GARANTIED. Appelez 09050000460 de ligne terrestre. Réclamation J89. po box245c2150pm,1,spam,SpamShield 真实数据（CC-BY-4.0）
FR0151,"Cher titulaire du bon, Pour réclamer cette offre de semaines, veuillez consulter le site Web de votre PC à l'adresse suivante : http://www.e-tlp.co.uk/expressoffer Ts&Cs. Pour arrêter les textes, cliquez sur STOP à 80062.",1,spam,SpamShield 真实数据（CC-BY-4.0）
FR0152,"NOKIA GRATUIT ou Motorola avec jusqu'à 12mths 1/2prix lineral, 500 minutes x-net GRATUIT&100txt/mth B'tooth GRATUIT*. Appelez Mobileupd8 au 08001950382 ou appelez 2optout/D3WV",1,spam,SpamShield 真实数据（CC-BY-4.0）
FR0153,"Désolé d'avoir raté votre appel, parlons-en quand vous aurez le temps. Je suis sur 07090201529",1,spam,SpamShield 真实数据（CC-BY-4.0）
FR0154,"Salut bébé son Chloé, comment r u? J'ai été écrasé le samedi soir, c'était génial! Comment s'est passé votre week-end? U a été manquant de moi? SP visionsms.com Text stop pour arrêter 150p/text",1,spam,SpamShield 真实数据（CC-BY-4.0）
FR0155,"Oic parce que ma soeur n'a pas déjeuné aujourd'hui, mon père est sorti...",0,normal,SpamShield 真实数据（CC-BY-4.0）
FR0156,Nouveau TEXTBUDDY Chat 2 gars excités dans la zone ur 4 juste 25p Gratuit 2 recevoir Search postcode ou sur gaytextbuddy.com. TXT ONE nom à 89693. 08715500022 rpl Stop 2 cnl,1,spam,SpamShield 真实数据（CC-BY-4.0）
FR0157,"Merci pour votre commande de sonnerie, réf numéro K718. Votre mobile sera facturé £4.50. Si votre ton n'arrive pas, veuillez appeler le service client au 09065069120",1,spam,SpamShield 真实数据（CC-BY-4.0）
FR0158,Félicitations! Nokia 3650 vidéo camera phone is your Call 09066382422 Coût des appels 150ppm Ave call 3mins varie de mobiles 16+ Fermer 300603 post BCM4284 Ldn WC1N3XX,1,spam,SpamShield 真实数据（CC-BY-4.0）
FR0159,"Oh mon dieu, j'ai retrouvé ton numéro, je suis contente de m'envoyer un texto après cette msgs cst std ntwk chg 1,50 £",1,spam,SpamShield 真实数据（CC-BY-4.0）
FR0160,C'est la 2ème fois que nous avons essayé de contacter u. U ont gagné le prix £1450 pour réclamer juste appeler 09053750005 b4 310303. T&Cs/stop SMS 08718725756. 140ppm,1,spam,SpamShield 真实数据（CC-BY-4.0）
FR0161,Le montant mensuel n'est pas si terrible et vous ne paierez rien avant 6mois après la fin de l'école.,0,normal,SpamShield 真实数据（CC-BY-4.0）
FR0162,Santa Call! Vos enfants aimeraient-ils un appel de Santa Xmas Eve? Appelez 09077818151 pour réserver votre temps. Appels1.50ppm last 3mins 30s T&C www.santacalling.com,1,spam,SpamShield 真实数据（CC-BY-4.0）
FR0163,Bonjour boytoy! Geee... Tu me manques aujourd'hui. J'aime t'envoyer un tm et te rappeler que je pense à toi... Et tu es aimé... *embrasser amoureux*,0,normal,SpamShield 真实数据（CC-BY-4.0）
FR0164,Moby Pub Quiz.Gagnez un prix de £100 High Street si vous savez qui sera la nouvelle duchesse de Cornwall? Txt son prénom à 82277.unsub STOP £1.50 008704050406 SP,1,spam,SpamShield 真实数据（CC-BY-4.0）
FR0165,"Je ne sais pas, je ne bois que du lait..",0,normal,SpamShield 真实数据（CC-BY-4.0）
FR0166,"Dans The Simpsons Movie sorti en juillet 2007 nom du groupe qui est mort au début du film? A-Green Day, B-Blue Day, C-Red Day. (Envoyer A, B ou C)",1,spam,SpamShield 真实数据（CC-BY-4.0）
FR0167,"Gratuit msg. Désolé, un service commandé à partir de 81303 n'a pas pu être livré car vous n'avez pas assez de crédit. Veuillez compléter pour recevoir le service.",1,spam,SpamShield 真实数据（CC-BY-4.0）
FR0168,"Bonjour c'est Amy, nous vous enverrons un numéro de téléphone gratuit dans quelques jours, ce qui vous donnera accès à toutes les fêtes d'adultes...",1,spam,SpamShield 真实数据（CC-BY-4.0）
FR0169,Oups i thk i dun haf enuff... je vais vérifier puis dire à ü..,0,normal,SpamShield 真实数据（CC-BY-4.0）
FR0170,"Votre sonnerie gratuite est en attente d'être collectée. Il suffit de texte le mot de passe ""MIX"" à 85069 à vérifier. Obtenez Usher et Britney. FML, PO Box 5249, MK17 92H. 450Ppw 16",1,spam,SpamShield 真实数据（CC-BY-4.0）
FR0171,Voulez-vous un nouveau Nokia 3510i téléphone couleur LivréDemain? Avec 300 minutes gratuites à n'importe quel mobile + 100 textes gratuits + Caméscope gratuit réponse ou téléphoner 08000930705.,1,spam,SpamShield 真实数据（CC-BY-4.0）
FR0172,SMS. ac Sptv: Les Devils du New Jersey et les Red Wings de Detroit jouent au hockey sur glace. Correct ou incorrect? Fin? Réponse END SPTV,1,spam,SpamShield 真实数据（CC-BY-4.0）
FR0173,URGENT! Votre mobile a reçu un prix Bonus Caller de £1 500 le 27/6/03. Notre dernière tentative 2 contacter U! Appelez 08714714011,1,spam,SpamShield 真实数据（CC-BY-4.0）
FR0174,Vous avez une importante annonce de service à la clientèle. Appelez FREEPHONE 0800 542 0825 maintenant!,1,spam,SpamShield 真实数据（CC-BY-4.0）
FR0175,"Je vais voir si je peux passer un peu, j'ai des choses à régler ici.",0,normal,SpamShield 真实数据（CC-BY-4.0）
FR0176,Vous voulez le dernier combiné vidéo? 750 anytime any network mins? Demi-prix ligne de location? Répondre ou appeler 08000930705 pour la livraison demain,1,spam,SpamShield 真实数据（CC-BY-4.0）
FR0177,"Bonjour, aujourd'hui je suis en retard pour &lt;DECIMAL&gt; min.",0,normal,SpamShield 真实数据（CC-BY-4.0）
FR0178,"Ça va marcher, merci.",0,normal,SpamShield 真实数据（CC-BY-4.0）
FR0179,"Bonjour chéri comment allez-vous aujourd'hui? J'aimerais avoir une conversation, pourquoi ne me dites-vous pas à quoi vous ressemblez et ce que vous êtes dans sexy?",1,spam,SpamShield 真实数据（CC-BY-4.0）
FR0180,"tddnewsletter@emc1.co.uk (D'autres jeux de TheDailyDraw) Chère Helen, Des dizaines de jeux gratuits - avec de grands prixAvec..",1,spam,SpamShield 真实数据（CC-BY-4.0）
FR0181,En cours d'exécution mais seulement géré 5 minutes et puis besoin d'oxygène! Peut-être avoir recours à l'option de rouleau!,0,normal,SpamShield 真实数据（CC-BY-4.0）
FR0182,"Client Orange, vous pouvez maintenant réclamer votre mise à jour GRATUITE CAMERA PHONE pour votre fidélité. Appelez maintenant au 0207 153 9996. L'offre se termine le 14 mars.",1,spam,SpamShield 真实数据（CC-BY-4.0）
FR0183,Gratuit pour la 1ère semaine! No1 Nokia tone 4 ur maf chaque semaine juste txt NOKIA à 87077 Obtenir txting et dire aux partenaires. zed POBox 36504 W45WQ norm150p/tone 16+,1,spam,SpamShield 真实数据（CC-BY-4.0）
FR0184,Comment se fait-il qu'il faut si peu de temps pour qu'un enfant qui a peur du noir devienne un adolescent qui veut rester dehors toute la nuit?,1,spam,SpamShield 真实数据（CC-BY-4.0）
FR0185,"Cher titulaire du bon, deux demandes d'offre de cette semaine, à votre PC aller à http://www.e-tlp.co.uk/expressoffer Ts&Cs s'appliquent.2 arrêter les textes txt STOP à 80062.",1,spam,SpamShield 真实数据（CC-BY-4.0）
FR0186,"Pensez ur smart? Gagnez £200 cette semaine dans notre quiz hebdomadaire, text PLAY à 85222 maintenant!T&Cs GagnantsClub PO BOX 84, M26 3UZ. 16+. GBP1.50/semaine",1,spam,SpamShield 真实数据（CC-BY-4.0）
FR0187,100 dating service cal;l 09064012103 box334sk38ch,1,spam,SpamShield 真实数据（CC-BY-4.0）
FR0188,Et mon régime s'est envolé par la fenêtre.,0,normal,SpamShield 真实数据（CC-BY-4.0）
FR0189,WOW! The Boys R Back. Prenez cette tournée 2007 au Royaume-Uni. Gagnez des billets VIP et pré-book avec VIP Club. Txt CLUB à 81303. Trackmarque Ltd info@vipclub4u.,1,spam,SpamShield 真实数据（CC-BY-4.0）
FR0190,"C'est la 2ème fois que nous avons essayé 2 contact u. U ont gagné le prix 750 Pound. 2 réclamation est facile, appelez 08712101358 MAINTENANT! Seulement 10p par min. BT-national-rate",1,spam,SpamShield 真实数据（CC-BY-4.0）
FR0191,C'est à quel nombre que tu vis?,0,normal,SpamShield 真实数据（CC-BY-4.0）
FR0192,Deux équipes attendent quelques joueurs,0,normal,SpamShield 真实数据（CC-BY-4.0）
FR0193,"LookAtMe!: Merci pour votre achat d'un clip vidéo de LookAtMe!, vous avez été facturé 35p. Pensez que vous pouvez faire mieux? Pourquoi ne pas envoyer une vidéo dans un MMSto 32323.",1,spam,SpamShield 真实数据（CC-BY-4.0）
FR0194,"Angleterre v Macédoine - ne manquez pas les buts/nouvelles de l'équipe. Txt ur équipe nationale à 87077 par exemple ENGLAND à 87077 Essayez:WALES, SCOTLAND 4txt/ú1.20 POBOX36504W45WQ 16+",1,spam,SpamShield 真实数据（CC-BY-4.0）
FR0195,le soir de la poule. Aller avec une balançoire,0,normal,SpamShield 真实数据（CC-BY-4.0）
FR0196,Boltblue tones pour 150p Répondre POLY# ou MONO# par exemple POLY3 1. Cha Cha Diapositive 2. Ouais 3. Jamz lent 6. Toxique 8. Venez avec moi ou STOP 4 autres tons txt PLUS,1,spam,SpamShield 真实数据（CC-BY-4.0）
FR0197,"Si on y arrive, tu peux emménager avec moi :)",0,normal,SpamShield 真实数据（CC-BY-4.0）
FR0198,"Glissez votre mafia avec une collection d'Halloween d'un logo & message photo plus un ton eerie gratuit, txt CARD SPOOK à 8007 zed 08701417012150p par logo/pic",1,spam,SpamShield 真实数据（CC-BY-4.0）
FR0199,"En tant qu'abonné inscrit au tirage 4 ans, un chèque-cadeau de £100 sera entré sur réception d'un an correct. Quand seront les prochaines olympiques. Txt ans à 80062",1,spam,SpamShield 真实数据（CC-BY-4.0）
FR0200,J'espère que vous avez passé une bonne journée.,0,normal,SpamShield 真实数据（CC-BY-4.0）
FR0201,"Même s'il est mon ami, c'est un prêtre qui l'appelle maintenant.",0,normal,SpamShield 真实数据（CC-BY-4.0）
FR0202,Oui :) aller au restaurant..,0,normal,SpamShield 真实数据（CC-BY-4.0）
FR0203,"Pour votre chance de gagner un £250 wkly shopping spree TXT: SHOP à 80878. T's&C's www.txt-2-shop.com custcare 08715705022, 1x150p/wk",1,spam,SpamShield 真实数据（CC-BY-4.0）
FR0204,Pathaya enketa maraikara pa',0,normal,SpamShield 真实数据（CC-BY-4.0）
FR0205,Désolé da:)i a été pensé de vous appeler beaucoup de fois:)il occupé.i vous appellera à midi..,0,normal,SpamShield 真实数据（CC-BY-4.0）
FR0206,Block Breaker vient maintenant au format de luxe avec de nouvelles fonctionnalités et de grands graphismes de T-Mobile. Achetez pour seulement £5 en répondant GET BBDELUXE et de relever le défi,1,spam,SpamShield 真实数据（CC-BY-4.0）
FR0207,"C'est cool, je veux te faire plaisir...",0,normal,SpamShield 真实数据（CC-BY-4.0）
FR0208,Urgent! S'il vous plaît appelez 09061213237 à partir d'une ligne fixe. £ 5000 cash ou un 4* vacances attendent la collection. T & Cs SAE PO Box 177 M227XY. 16+,1,spam,SpamShield 真实数据（CC-BY-4.0）
FR0209,Quelqu'un a rencontré notre service de rencontres et est entré dans votre téléphone parce qu'ils vous aiment!Pour savoir qui il est appelé de la ligne fixe 09111030116. PoBox12n146tf15,1,spam,SpamShield 真实数据（CC-BY-4.0）
FR0210,Aiyah u s'est déjà bien passé.,0,normal,SpamShield 真实数据（CC-BY-4.0）
FR0211,"500 nouveaux Mobiles de 2004, DOIVENT GO! Txt: NOKIA to No: 89545 & collectionnez le vôtre dès aujourd'hui!À partir de UNIQUEMENT £1 www.4-tc.biz 2optout 087187262701.50gbp/mtmsg18",1,spam,SpamShield 真实数据（CC-BY-4.0）
FR0212,"Quel est cet endroit ""hex"" dont vous parlez? Expliquez!",0,normal,SpamShield 真实数据（CC-BY-4.0）
FR0213,"D'accord alors, dis-moi que tu viendras plus tard.",0,normal,SpamShield 真实数据（CC-BY-4.0）
FR0214,"Félicitations! 2 Videophones 3G mobiles R le vôtre. appelez le 09061744553 maintenant! videochat wid ur mates, jouer à des jeux de java, Dload polyH musique, noline locationl. bx420. ip4. 5we. 150pm",1,spam,SpamShield 真实数据（CC-BY-4.0）
FR0215,1er wk GRATUIT! Gr8 tons str8 2 u chaque wk. Txt NOKIA ON à 8007 pour les tons Nokia Classic ou HIT ON à 8007 pour les Polys. Nokia/150p Poly/200p 16+,1,spam,SpamShield 真实数据（CC-BY-4.0）
FR0216,Vous êtes à la bibliothèque?,0,normal,SpamShield 真实数据（CC-BY-4.0）
FR0217,C'est un acteur wombarfull,0,normal,SpamShield 真实数据（CC-BY-4.0）
FR0218,22 jours pour commencer! Pour Euro2004 U sera tenu à jour avec les dernières nouvelles et les résultats quotidiens. À supprimer envoyer GET TXT STOP à 83222,1,spam,SpamShield 真实数据（CC-BY-4.0）
FR0219,Ce message vous est apporté par GMW Ltd. et n'est pas connecté au,1,spam,SpamShield 真实数据（CC-BY-4.0）
FR0220,"Désolé lor da gus neva c u en personne, mais ils connaissent en quelque sorte u lor. Donc u wan 2 les rencontrent xy me demander 2 amener u le long de 4 notre prochaine réunion.",0,normal,SpamShield 真实数据（CC-BY-4.0）
FR0221,"Oui, n'importe quel plm au bureau de l'Office.",0,normal,SpamShield 真实数据（CC-BY-4.0）
FR0222,"Hiya, probablement rentrer à la maison * week-end après le prochain",0,normal,SpamShield 真实数据（CC-BY-4.0）
FR0223,Entrée GRATUITE dans notre comp hebdomadaire £250 juste envoyer le mot WIN à 80086 MAINTENANT. 18 T&C www.txttowin.co.uk,1,spam,SpamShield 真实数据（CC-BY-4.0）
FR0224,Est-ce qu'il vient de dire que quelqu'un s'appelle Tampa?,0,normal,SpamShield 真实数据（CC-BY-4.0）
FR0225,"Oui, bien que x...",0,normal,SpamShield 真实数据（CC-BY-4.0）
FR0226,<Forwarded from 21870000>Hi - c'est votre alerte Messagerie Messagerie SMS. Vous avez 4 messages. Vous avez 21 matches. S'il vous plaît rappeler le 09056242159 pour récupérer vos messages et les matches,1,spam,SpamShield 真实数据（CC-BY-4.0）
FR0227,"FreeMSG Vous avez reçu un mini DIGITAL CAMERA GRATUIT, il suffit de répondre SNAP pour récupérer votre prix! (quizclub Opt out? Stop 80122300p/wk SP:RWM Ph:08704050406)",1,spam,SpamShield 真实数据（CC-BY-4.0）
FR0228,Vous voulez 2 se faire baiser ce soir? Vous voulez de vrais emplacements de dogging envoyés directement 2 ur Mob? Rejoignez le plus grand réseau de dogging du Royaume-Uni en txting MOAN à 69888Nyt. ec2a. 31p.msg@150p,1,spam,SpamShield 真实数据（CC-BY-4.0）
FR0229,25p 4 alfie Moon's Children in need chant on ur mob. Tell ur m8s. Txt Tone charité à 8007 pour Nokias ou Poly charité pour polys: zed 08701417012 bénéfice 2 charité.,1,spam,SpamShield 真实数据（CC-BY-4.0）
FR0230,J'aime pas cher! Mais je suis heureux d'éclabousser le vin si cela vous fait vous sentir mieux..,0,normal,SpamShield 真实数据（CC-BY-4.0）
FR0231,Répondre à gagner £100 hebdomadaire! Quel sport professionnel joue Tiger Woods? Envoyer STOP à 87239 pour terminer le service,1,spam,SpamShield 真实数据（CC-BY-4.0）
FR0232,Toujours dans le coin du restaurant. Il va essayer de revenir bientôt,0,normal,SpamShield 真实数据（CC-BY-4.0）
FR0233,vos 500 messages texte gratuits sont valables jusqu'au 31 décembre 2005.,1,spam,SpamShield 真实数据（CC-BY-4.0）
FR0234,"Dizzamn, je demanderai à mes colocataires à mon retour.",0,normal,SpamShield 真实数据（CC-BY-4.0）
FR0235,Numéro de la promotion: 8714714 - UR a attribué une City Break et pourrait WIN une £200 Summer Shopping spree chaque WK. Txt STORE à 88039. SkilGme. TsCs087147403231Winawk!Age16 £1.50perWKsub,1,spam,SpamShield 真实数据（CC-BY-4.0）
FR0236,"Frnd ne juz pas un mot.....pas seulement une relation.....sa promesse silencieuse qui dit... ""Je serai avec VOUS "" Oùvr.. Whereevr.. Forevr... Gudnyt cher..",0,normal,SpamShield 真实数据（CC-BY-4.0）
FR0237,Check mail.i ont posté varma et gardé copie à vous concernant l'adhésion.Take attention.insha allah.,0,normal,SpamShield 真实数据（CC-BY-4.0）
FR0238,"C'est bon je ne suis pas occupé, mais je m'ennuie vraiment trop donc je m'ennuie donc j'ai oso dunno wat couleur qu'elle choisit 4 moi un.",0,normal,SpamShield 真实数据（CC-BY-4.0）
FR0239,Vous avez gagné un Nokia 7250i. C'est ce que vous obtenez lorsque vous gagnez notre vente aux enchères GRATUITE. Pour participer envoyez Nokia à 86021 maintenant. HG/Suite342/2Lands Row/W1JHL 16+,1,spam,SpamShield 真实数据（CC-BY-4.0）
FR0240,8007 25p 4 Alfie Moon's Children in Need chanson sur ur maf. Tell ur m8s. Txt TONE CHARITY à 8007 pour nokias ou POLY CHARITY pour polys :zed 08701417012 bénéfice 2 charité,1,spam,SpamShield 真实数据（CC-BY-4.0）
FR0241,Merci. Est-ce que tu sors généralement avec les bordels?,0,normal,SpamShield 真实数据（CC-BY-4.0）
FR0242,"Offre Xmas! Dernier Motorola, SonyEricsson & Nokia & gratuit Bluetooth ou DVD! Double Mins & 1000 Txt sur Orange. Appelez MobileUpd8 au 08000839402 ou call2optout/4QF2",1,spam,SpamShield 真实数据（CC-BY-4.0）
FR0243,"Ur balance est maintenant £600. Question suivante: Remplissez le point de repère, Big, A. Bob, B. Barry ou C. Ben?. Texte A, B ou C à 83738. Bonne chance!",1,spam,SpamShield 真实数据（CC-BY-4.0）
FR0244,"les numéros de vodafone d'aujourd'hui se terminant par 0089(mes quatre derniers chiffres) sont sélectionnés pour recevoir une bourse £350. Si votre numéro correspond, veuillez appeler le 09063442151 pour réclamer votre bourse £350",1,spam,SpamShield 真实数据（CC-BY-4.0）
FR0245,"Non, ça veut juste dire que tu as une grosse tête",0,normal,SpamShield 真实数据（CC-BY-4.0）
FR0246,Je veux bien me tenir au courant.,0,normal,SpamShield 真实数据（CC-BY-4.0）
FR0247,Vous intrépide duo vous! Amusez-vous bien et à bientôt.,0,normal,SpamShield 真实数据（CC-BY-4.0）
FR0248,Cher abonné au tirage 4 £100 chèque-cadeau sera entré sur réception d'un an correct. Quand Elvis Presleys a-t-il été anniversaire? Réponse TXT à 80062,1,spam,SpamShield 真实数据（CC-BY-4.0）
FR0249,Carlos sera là dans une minute si tu as encore besoin d'acheter,0,normal,SpamShield 真实数据（CC-BY-4.0）
FR0250,"u r souscrit 2 TEXTCOMP 250 wkly comp. 1st wk?s question gratuite suit, wks charged@150p/msg.2 désabonnement txt STOP 2 84128,custcare 08712405020",1,spam,SpamShield 真实数据（CC-BY-4.0）
FR0251,"Viens me voir tout de suite, Ahmad.",0,normal,SpamShield 真实数据（CC-BY-4.0）
FR0252,Cher porte-bons Prenez votre prochain repas sur nous. Utilisez le lien suivant sur votre pc 2 profitez d'une expérience culinaire 2 4 1http://www.vouch4me.com/etlp/dining.asp,1,spam,SpamShield 真实数据（CC-BY-4.0）
FR0253,Merci pour votre abonnement à Ringtone UK votre mobile sera facturé £5/mois Veuillez confirmer en répondant OUI ou NON. Si vous répondez NON vous ne serez pas facturé,1,spam,SpamShield 真实数据（CC-BY-4.0）
FR0254,"500 nouveaux Mobiles à partir de 2004, DOIVENT GO! Txt: NOKIA to No: 89545 & collectionnez le vôtre dès aujourd'hui!À partir de seulement £1 www.4-tc.biz 2optout 087187262701.50gbp/mtmsg18 TXTAUCTION",1,spam,SpamShield 真实数据（CC-BY-4.0）
FR0255,Oh:)comme d'habitude vijay film ou son différent?,0,normal,SpamShield 真实数据（CC-BY-4.0）
FR0256,Devrais-je t'envoyer un pix coquin? :),0,normal,SpamShield 真实数据（CC-BY-4.0）
FR0257,"WIN: Nous avons un gagnant! M. T. Foley a remporté un iPod! Plus de prix passionnants bientôt, alors gardez un œil sur ur mobile ou visitez www.win-82050.co.uk",1,spam,SpamShield 真实数据（CC-BY-4.0）
FR0258,"K, je peux prendre un autre 8e quand tu auras fini?",0,normal,SpamShield 真实数据（CC-BY-4.0）
FR0259,"Oui, je l'amènerai au bébé.",0,normal,SpamShield 真实数据（CC-BY-4.0）
FR0260,"Cher titulaire du bon, Pour réclamer cette offre de semaines, veuillez consulter le site Web de votre PC à l'adresse suivante : http://www.wtlp.co.uk/text. Les Ts&C s'appliquent.",1,spam,SpamShield 真实数据（CC-BY-4.0）
FR0261,-PLS STOP bootydelious (32/F) vous invite à être son ami. Réponse OUI-434 ou NO-434 Voir elle: www.SMS.ac/u/bootydelious STOP? Envoyer STOP FRND à 62468,1,spam,SpamShield 真实数据（CC-BY-4.0）
FR0262,"Oh, tu as chargé la caméra.",0,normal,SpamShield 真实数据（CC-BY-4.0）
FR0263,"Cool, veux-tu que j'aille à Kappa ou devrais-je te rencontrer dehors?",0,normal,SpamShield 真实数据（CC-BY-4.0）
FR0264,"Eerie Nokia tones 4u, rply TONE TITRE à 8007 par exemple TONE DRACULA à 8007 Titres: GHOST, ADDAMSFA, MUNSTERS, EXORCIST, TWILIGHT www.getzed.co.uk POBox36504W45WQ 150p",1,spam,SpamShield 真实数据（CC-BY-4.0）
FR0265,A PARTIR DE 88066 LOST £12 HELP,1,spam,SpamShield 真实数据（CC-BY-4.0）
FR0266,Profitez de l'urself tmr...,0,normal,SpamShield 真实数据（CC-BY-4.0）
FR0267,Omg Joanna me fait flipper. Elle a regardé tous mes amis pour trouver des photos de moi. Et puis elle demande des choses sur mon MySpace que je n'ai même pas connecté depuis un an. :/,0,normal,SpamShield 真实数据（CC-BY-4.0）
FR0268,Aussi ce chat était génial mais ne le faites pas régulièrement à moins que vous puissiez la voir en personne,0,normal,SpamShield 真实数据（CC-BY-4.0）
FR0269,"Bonsoir * v bon si un peu d'événement chargé. Sera vous remplir, ne vous inquiétez pas... Tête * ok mais gorge * détruit. Rendez-vous à six heures alors!",0,normal,SpamShield 真实数据（CC-BY-4.0）
FR0270,"K Je pars bientôt, je serai là un peu après 9 heures.",0,normal,SpamShield 真实数据（CC-BY-4.0）
FR0271,Obtenez la sonnerie poly officielle ENGLAND ou drapeau de couleur sur yer mobile pour ce soir jeu! Texte TONE ou FLAG à 84199. Optez pour txt ENG STOP Box39822 W111WX £1.50,1,spam,SpamShield 真实数据（CC-BY-4.0）
FR0272,Santa Calling! Vos enfants aimeraient-ils un appel de la veille de Santa Xmas? Appelez 09058094583 pour réserver votre temps.,1,spam,SpamShield 真实数据（CC-BY-4.0）
FR0273,Comment oses-tu changer ma bague?,0,normal,SpamShield 真实数据（CC-BY-4.0）
FR0274,"Oui, il y avait beaucoup de bonbons.",0,normal,SpamShield 真实数据（CC-BY-4.0）
FR0275,Félicitations pour avoir reçu une offre de CD de Virgin Records ou un Mystery Gift GARANTIED Appeler 09061104283 Ts&Cs www.smsco.net £1.50pm environ 3mins,1,spam,SpamShield 真实数据（CC-BY-4.0）
FR0276,Juz ne s'est pas réveillé si flou... que papa est sorti de liao... je ne sais pas cum maintenant oso...,0,normal,SpamShield 真实数据（CC-BY-4.0）
FR0277,85233 GRATUIT>Ringtone!Répondre RÉEL,1,spam,SpamShield 真实数据（CC-BY-4.0）
FR0278,Relisez-le et je n'ai pas de honte mais dites-moi comment il le prend et s'il court je blâmerai u 4 jamais!! Pas vraiment 4 jamais juste un long laps de temps,0,normal,SpamShield 真实数据（CC-BY-4.0）
FR0279,Voulez-vous 750 à tout moment n'importe quel réseau mins 150 texte et un nouveau téléphone vidéo pour seulement cinq livres par semaine appeler 08000776320 maintenant ou répondre à la livraison Demain,1,spam,SpamShield 真实数据（CC-BY-4.0）
FR0280,"Notre service de rencontre a été demandé 2 contact U par quelqu'un de timide! CALL 09058091870 MAINTENANT tout sera révélé. POBox84, M26 3UZ 150p",1,spam,SpamShield 真实数据（CC-BY-4.0）
FR0281,C'est tout ce qu'il y a de mieux avec ça.,0,normal,SpamShield 真实数据（CC-BY-4.0）
FR0282,Avait votre mobile 11mths? Mise à jour gratuite aux derniers appareils photo couleur Oranges et appels illimités week-end. Appelez Mobile Upd8 sur freefone 08000839402 ou 2StopTx,1,spam,SpamShield 真实数据（CC-BY-4.0）
FR0283,"Je t'appelle plus tard, n'ai pas de réseau.",0,normal,SpamShield 真实数据（CC-BY-4.0）
FR0284,Comment ça se fait?,0,normal,SpamShield 真实数据（CC-BY-4.0）
FR0285,Oui:)ici la télévision est toujours disponible sur le lieu de travail..,0,normal,SpamShield 真实数据（CC-BY-4.0）
FR0286,Mais c'est sur ebay que ça pourrait être moins ailleurs.,0,normal,SpamShield 真实数据（CC-BY-4.0）
FR0287,"Urgent! S'il vous plaît appelez 09066612661 de votre ligne fixe, votre 4* Lux Costa Del Sol vacances ou £1000 CASH attendent la collection. ppm 150 SAE T&Cs James 28, EH74RR",1,spam,SpamShield 真实数据（CC-BY-4.0）
FR0288,URGENT! Nous essayons de contacter U. Todays draw montre que vous avez gagné un prix de £800 GUARANTIEED. Appelez 09050001808 de la ligne terrestre.,1,spam,SpamShield 真实数据（CC-BY-4.0）
FR0289,"Je ne sais pas si la méga boutique d'Asda compte pour la fête, mais c'est ce que je fais!",0,normal,SpamShield 真实数据（CC-BY-4.0）
FR0290,Et vous! Vous attendra quand vous textez! Espérons que tout va bien tomo,0,normal,SpamShield 真实数据（CC-BY-4.0）
FR0291,Le solde de trésorerie d'Ur est actuellement de 500 livres - pour maximiser l'encaissement d'Ur maintenant envoyer GO à 86688 seulement 150p/msg. CC: 08718720201 PO BOX 114/14 TCR/W1,1,spam,SpamShield 真实数据（CC-BY-4.0）
FR0292,Je ne sais pas u et u ne me connaissent pas. Envoyer CHAT à 86688 maintenant et nous allons nous trouver! Seulement 150p/Msg rcvd. HG/Suite342/2Lands/Row/W1J6HL LDN. 18 ans ou plus.,1,spam,SpamShield 真实数据（CC-BY-4.0）
FR0293,Votre identifiant utilisateur unique est 1172. Pour la suppression envoyer STOP à 87239 services à la clientèle 08708034412,1,spam,SpamShield 真实数据（CC-BY-4.0）
FR0294,U sont abonnés au meilleur service de contenu mobile au Royaume-Uni pour £3 par dix jours jusqu'à ce que vous envoyez STOP à 83435. Helpline 08706091795.,1,spam,SpamShield 真实数据（CC-BY-4.0）
FR0295,"Merci pour votre commande de sonnerie, numéro de référence X29. Votre mobile sera facturé 4.50. Si votre ton n'arrive pas, veuillez appeler le service clientèle 09065989180",1,spam,SpamShield 真实数据（CC-BY-4.0）
FR0296,"URGENT!: Votre Mobile No. a reçu un prix Bonus Caller de £2,000 le 02/09/03! C'est notre 2e tentative de vous contacter! Appelez 0871-872-9755 BOX95QU",1,spam,SpamShield 真实数据（CC-BY-4.0）
FR0297,Vous avez 1 nouveau message. S'il vous plaît appelez le 08718738034.,1,spam,SpamShield 真实数据（CC-BY-4.0）
FR0298,Pour participer à notre enquête mobile hier! Vous pouvez maintenant avoir 500 textes 2 utiliser comme vous le souhaitez. 2 obtenir txts juste envoyer TXT à 80160 T&C www.txt43.com 1.50p,1,spam,SpamShield 真实数据（CC-BY-4.0）
FR0299,Lol boo J'espérais un rire,0,normal,SpamShield 真实数据（CC-BY-4.0）
FR0300,Félicitations! Traitez pendant.Je ne suis pas sur la poste pendant 2 jours.ll mail une fois par l'intermédiaire de.Respect mère à la maison.check mails.,0,normal,SpamShield 真实数据（CC-BY-4.0）
FR0301,Ü tous écrire ou wat..,0,normal,SpamShield 真实数据（CC-BY-4.0）
FR0302,Téléphones vidéo gratuits avec ligne de Half Price location pour 12 mths et 500 cross ntwk mins 100 txts. Appelez MobileUpd8 08001950382 ou Call2Out/674,1,spam,SpamShield 真实数据（CC-BY-4.0）
FR0303,"HOT LIVE FANTASIES appelez maintenant 08707500020 Juste 20p par min NTT Ltd, PO Box 1327 Croydon CR9 5WB 0870 est un appel à tarifs nationaux",1,spam,SpamShield 真实数据（CC-BY-4.0）
FR0304,WIN URGENT! Votre numéro mobile a été attribué avec un prix de £2000 GUARANTIED appel 09061790121 de la ligne terrestre. réclamation 3030 valide 12hrs seulement 150ppm,1,spam,SpamShield 真实数据（CC-BY-4.0）
FR0305,Cher 0776xxxxxx U've ont été invités à XCHAT. C'est notre dernière tentative de contacter u! Txt CHAT à 86688 150p/MsgrcvdHG/Suite342/2Lands/Row/W1J6HL LDN 18ans,1,spam,SpamShield 真实数据（CC-BY-4.0）
FR0306,Il reste un frère parmi les frères.,0,normal,SpamShield 真实数据（CC-BY-4.0）
FR0307,"FreeMsg Hey U, je viens d'obtenir 1 de ces fones vidéo/pic, répondre WILD à ce txt & mal envoyer U mes photos, dépêchez-vous Im tellement ennuyé au travail xxx (18 150p/rcvd STOP2stop)",1,spam,SpamShield 真实数据（CC-BY-4.0）
FR0308,"C'est la 2ème fois que nous avons essayé de contacter u. U ont gagné le prix £400. 2 réclamation est facile, il suffit d'appeler 087104711148 MAINTENANT! Seulement 10p par minute.",1,spam,SpamShield 真实数据（CC-BY-4.0）
FR0309,URGENT! Nous essayons de vous contacter. Le tirage du week-end dernier montre que vous avez gagné un prix de £900 GUARANTIE. Appelez 09061701939.,1,spam,SpamShield 真实数据（CC-BY-4.0）
FR0310,Prends soin de toi aussi.,0,normal,SpamShield 真实数据（CC-BY-4.0）
FR0311,Beaucoup mieux maintenant merci lol,0,normal,SpamShield 真实数据（CC-BY-4.0）
FR0312,Comme si je voulais une réduction de l'agent des douanes oh.,0,normal,SpamShield 真实数据（CC-BY-4.0）
FR0313,HIYA STU WOT U U UP 2.IM dans tellement de TRUBLE à la maison à MOMENT EVONE me hait même U! WOT LE SELL AV que j'ai fait maintenant? Vous voulez juste me dire TEXTE BCK PLEase LUV DAN,0,normal,SpamShield 真实数据（CC-BY-4.0）
FR0314,Bonjour mon petit jouet. Comment se passe cette promenade ici et là jour? Avez-vous obtenu ce résumé de la police? Êtes-vous toujours dehors et environ? Je me réveille et vous manquez bébé,0,normal,SpamShield 真实数据（CC-BY-4.0）
FR0315,S'il vous plaît APPELEZ 08712402779 immédiatement car il y a un message urgent vous attendant,1,spam,SpamShield 真实数据（CC-BY-4.0）
FR0316,"Si tard, mais j'ai besoin d'aller chercher l'ordinateur portable...",0,normal,SpamShield 真实数据（CC-BY-4.0）
FR0317,"Il est impossible de discuter avec et il me traite toujours comme son sous-marin, comme il ne m'a jamais libéré... Ce qu'il a fait et je lui rappellerai cela si nécessaire",0,normal,SpamShield 真实数据（CC-BY-4.0）
FR0318,"Si vous pensez me soulever, alors non.",0,normal,SpamShield 真实数据（CC-BY-4.0）
FR0319,"SMS. ac JSco: Energy is high, but u may not know where 2channel it. 2day ur leadership compétences r strong. Psychique? Répondre ANS w/question. Fin? Répondre END JSCO",1,spam,SpamShield 真实数据（CC-BY-4.0）
FR0320,Doublez vos mins & txts sur Orange ou 1/2 prix lineral - Motorola et SonyEricsson avec B/Toth FREE-Nokia Call MobileUpd8 sur 08000839402 ou2optout/HV9D,1,spam,SpamShield 真实数据（CC-BY-4.0）
FR0321,Est-ce que les changements 2 da rapport grand? Parce que j'ai déjà fait des changements 2 da rapport précédent.,0,normal,SpamShield 真实数据（CC-BY-4.0）
FR0322,"Je tire beaucoup, alors préparez-vous!",0,normal,SpamShield 真实数据（CC-BY-4.0）
FR0323,Décembre seulement! Avait votre mobile 11mths+? Vous avez le droit de mettre à jour la dernière caméra couleur mobile gratuitement! Appelez la Mobile Update VCo GRATUIT au 08002986906,1,spam,SpamShield 真实数据（CC-BY-4.0）
FR0324,"Wan2 gagne un Meet+Greet avec Westlife 4 U ou un m8? Ils sont actuellement sur quelle tournée? 1)Unbreakable, 2)Untamed, 3)Unkempt. Texte 1,2 ou 3 à 83049. Coût 50p +std texte",1,spam,SpamShield 真实数据（CC-BY-4.0）
FR0325,want real doggin locations envoyés directement à votre mobile? rejoindre le plus grand réseau de levrette au Royaume-Uni. chiens txt à 69696 maintenant!nyt. ec2a. 3lp £1.50/msg.,1,spam,SpamShield 真实数据（CC-BY-4.0）
FR0326,Gratuit Msg: Ringtone!De: http://tms. largelive.com/index. wml?id=1b6a5ecef91ff9*37819&first=true18:0430-JUL-05,1,spam,SpamShield 真实数据（CC-BY-4.0）
FR0327,Nos dossiers indiquent u peut-être droit à 5000 livres d'indemnisation pour l'accident que vous avez eu. Pour réclamer 4 réponse gratuite avec CLAIM à ce msg. 2 arrêt txt STOP,1,spam,SpamShield 真实数据（CC-BY-4.0）
FR0328,Je ne serai pas en cours dans quelques heures.,0,normal,SpamShield 真实数据（CC-BY-4.0）
FR0329,"FreeMsg Pourquoi n'avez-vous pas répondu à mon texto? Je suis Randy, sexy, féminine et en direct local. Luv à entendre de u. Netcollex Ltd 08700621170150p par msg reply Stop to end",1,spam,SpamShield 真实数据（CC-BY-4.0）
FR0330,Probablement plus tôt que ça si la station est là où je pense qu'elle est,0,normal,SpamShield 真实数据（CC-BY-4.0）
FR0331,No. 1 Nokia Tone 4 ur maf chaque semaine! Il suffit de txt NOK à 87021. 1er Tone GRATUIT! donc obtenez txtin maintenant et dites à vos amis. 150p/ton. 16 réponse HL 4info,1,spam,SpamShield 真实数据（CC-BY-4.0）
FR0332,"D'autant plus que je parle de boston dans ma déclaration personnelle, lol! J'aurais changé ça si j'avais réalisé que ça disait nyc! Ça dit boston maintenant.",0,normal,SpamShield 真实数据（CC-BY-4.0）
FR0333,"Oui, celui-là est lent comme du caca.",0,normal,SpamShield 真实数据（CC-BY-4.0）
FR0334,"TheMob>Hit le lien pour obtenir un jeu Pink Panther premium, le nouveau no. 1 de Sugababes, une animation Zèbre folle ou un badass fonds d'écran Hoody-all 4 GRATUIT!",1,spam,SpamShield 真实数据（CC-BY-4.0）
FR0335,U ont un admirateur secret qui cherche 2 faire contact avec U-find qui ils R*revel qui pense UR si spécial-appel sur 09058094594,1,spam,SpamShield 真实数据（CC-BY-4.0）
FR0336,Devinez quoi! Quelqu'un que vous connaissez secrètement vous! Vous voulez savoir qui c'est? Appelez-nous sur 09065394973 de Landline DATEBox1282EssexCM61XN 150p/min 18,1,spam,SpamShield 真实数据（CC-BY-4.0）
FR0337,Dude avatar 3d était imp. A un moment je pensais qu'il y avait des mouches dans la pièce et presque essayé de frapper un comme un réflexe,0,normal,SpamShield 真实数据（CC-BY-4.0）
FR0338,Voulez-vous un nouveau Nokia 3510i couleur téléphone livré demain? Avec 200 minutes gratuit à n'importe quel mobile + 100 texte gratuit + caméscope gratuit Répondre ou téléphoner 08000930705,1,spam,SpamShield 真实数据（CC-BY-4.0）
FR0339,Si j'ai dit quelque chose de mal désolé de:-),0,normal,SpamShield 真实数据（CC-BY-4.0）
FR0340,Je pense que Steve a sûrement un guichet :),0,normal,SpamShield 真实数据（CC-BY-4.0）
FR0341,"Avez-vous remarqué que quand vous conduisez, quelqu'un va plus lentement que vous est un idiot et tout le monde conduit plus vite que vous est un maniaque?",1,spam,SpamShield 真实数据（CC-BY-4.0）
FR0342,"Fantasy Football est de retour sur votre TV. Aller à Sky Gamestar sur Sky Active et jouer £250k Dream Team. La notation commence le samedi, alors inscrivez-vous maintenant!",1,spam,SpamShield 真实数据（CC-BY-4.0）
FR0343,Tu crois que je pourrais passer dans une heure?,0,normal,SpamShield 真实数据（CC-BY-4.0）
FR0344,"Dernière Nokia Mobile ou iPOD MP3 Player +£400 proze GARANTIED! Répondre avec: WIN à 83355 maintenant! Norcorp Ltd. £1,50/Mtmsgrcvd18+",1,spam,SpamShield 真实数据（CC-BY-4.0）
FR0345,Wot est en haut de 2 alors salope?,0,normal,SpamShield 真实数据（CC-BY-4.0）
FR0346,"Je pense qu'on va aller chez Finn maintenant, viens",0,normal,SpamShield 真实数据（CC-BY-4.0）
FR0347,Wylie mise à jour: mon concessionnaire de mauvaises herbes carlos est allé à la liberté et a eu une classe avec Lunsford,0,normal,SpamShield 真实数据（CC-BY-4.0）
FR0348,"Oui, donc je partirai peut-être 7h?",0,normal,SpamShield 真实数据（CC-BY-4.0）
FR0349,Someonone que vous connaissez essaie de vous contacter via notre service de rencontres! Pour savoir qui il pourrait être appelé de votre mobile ou ligne fixe 09064015307 BOX334SK38ch,1,spam,SpamShield 真实数据（CC-BY-4.0）
FR0350,"Bonjour. Wk a été ok - sur Hols maintenant! Oui sur un peu de course. J'ai oublié que j'ai rendez-vous des coiffeurs à quatre, donc besoin de rentrer à la maison n douche à l'avance. Est-ce que cela cause problème pour u?""",0,normal,SpamShield 真实数据（CC-BY-4.0）
FR0351,"Urgent! S'il vous plaît appelez le 0906346330. Votre ABTA gratuit 4* vacances espagnoles ou £10,000 en espèces attendent la collection SAE T&Cs BOX 47 PO19 2EZ 150ppm 18+",1,spam,SpamShield 真实数据（CC-BY-4.0）
FR0352,"Appelez le 09094100151 pour utiliser les minutes! Appels moulés 10p/min (mob varient). Service fourni par AOM, seulement GBP5/mois. AOM Box61,M60 1ER jusqu'à l'arrêt.",1,spam,SpamShield 真实数据（CC-BY-4.0）
FR0353,"pdate_Now - Double mins et 1000 txts sur les tarifs orange. Derniers Motorola, SonyEricsson & Nokia & Bluetooth GRATUIT! Appelez MobileUpd8 au 08000839402 ou call2optout/!YHL",1,spam,SpamShield 真实数据（CC-BY-4.0）
FR0354,Vous avez déjà pensé à vivre une bonne vie avec un partenaire parfait? Juste txt retour NOM et AGE pour rejoindre la communauté mobile. (100p/SMS),1,spam,SpamShield 真实数据（CC-BY-4.0）
FR0355,"Lol, oh tu as un ami pour le chien?",0,normal,SpamShield 真实数据（CC-BY-4.0）
FR0356,"URGENT! Votre mobile Non a reçu un prix Bonus Caller de £2,000 le 1/08/03! C'est notre 2e tentative de vous contacter! Appelez 0871-4719-523 BOX95QU Tarif National",1,spam,SpamShield 真实数据（CC-BY-4.0）
FR0357,J'adore travailler à la maison :),0,normal,SpamShield 真实数据（CC-BY-4.0）
FR0358,Je n'ai pas été là avant... tu veux aller au yoga?,0,normal,SpamShield 真实数据（CC-BY-4.0）
FR0359,"Vous avez ce qu'il faut pour 2 participer au WRC à Oz? U can avec Lucozade Energy! Texte RALLY LE à 61200 (25p), voir packs ou lucozade.co.uk/wrc & itcould be u!",1,spam,SpamShield 真实数据（CC-BY-4.0）
FR0360,CLAIRE here am havin borin time & am nowly U want cum over 2nite? Chatez maintenant 09099725823 espoir 2 C U Luv CLAIRE xx Appels£1/minmoremobsEMSPOBox45PO139WA,1,spam,SpamShield 真实数据（CC-BY-4.0）
FR0361,"tous les derniers de Stereophonics, Marley, Dizzee Racal, Libertines et The Strokes! Win Nookii jeux avec Flirt!! Cliquez sur TheMob WAP Signet ou texte WAP à 82468",1,spam,SpamShield 真实数据（CC-BY-4.0）
FR0362,87077: Démarrage d'une nouvelle saison avec 2wks objectifs gratuits & nouvelles pour ur mobile! Txt ur nom club à 87077 par exemple VILLA à 87077,1,spam,SpamShield 真实数据（CC-BY-4.0）
FR0363,PRIVÉ! Votre relevé de compte de 2003 pour 07815296484 indique 800 points S.I.M. non revus. Appelez le 08718738001 Code d'identification 41782 Expire 18/11/04,1,spam,SpamShield 真实数据（CC-BY-4.0）
FR0364,GENT! Nous essayons de vous contacter. Le tirage du week-end dernier montre que vous avez gagné un prix de £1000 GARANTIE. Appelez 09064012160. Code de réclamation K52. Valable 12hs seulement. 150ppm,1,spam,SpamShield 真实数据（CC-BY-4.0）
FR0365,Lol tu ne te sentiras pas mal quand j'utiliserai son argent pour t'emmener à un dîner de steak =D,0,normal,SpamShield 真实数据（CC-BY-4.0）
FR0366,Il y en a qui trouvent trop loin... Weiyi ne va pas... e repos i dunno encore... R ur goin 4 dinner den je pourrais me joindre...,0,normal,SpamShield 真实数据（CC-BY-4.0）
FR0367,Nous avons essayé de vous contacter re votre réponse à notre offre de Video Handset? 750 anytime networks mins? ILLIMITED TEXTE? Caméscope? Répondre ou téléphoner 08000930705 MAINTENANT,1,spam,SpamShield 真实数据（CC-BY-4.0）
FR0368,Ça vous dérange si je vous demande ce qui s'est passé?,0,normal,SpamShield 真实数据（CC-BY-4.0）
FR0369,Je suis sûr qu'ils vont comprendre ça! Le vin * bonne idée vient d'avoir une limace!,0,normal,SpamShield 真实数据（CC-BY-4.0）
FR0370,"Double Mins & 1000 txts sur les tarifs orange. Derniers Motorola, SonyEricsson & Nokia avec Bluetooth GRATUIT! Appelez MobileUpd8 au 08000839402 ou call2optout/HF8",1,spam,SpamShield 真实数据（CC-BY-4.0）
FR0371,"Hey Garçons. Voulez-vous hot XXX photos envoyé directement 2 ur téléphone? Txt PORN à 69855, 24Hrs gratuit et puis seulement 50p par jour. Pour arrêter le texte STOPBCM SF WC1N3XX",1,spam,SpamShield 真实数据（CC-BY-4.0）
FR0372,Vous avez WON un montant garanti de £1000 cash ou un prix £2000. Pour réclamer le prix yr appelez notre représentant du service à la clientèle au 08714712412 entre 10h et 19h Coût 10p,1,spam,SpamShield 真实数据（CC-BY-4.0）
FR0373,"U've been selected to stay in 1 of 250 top British hotels - FOR NOTHING! Vacances d'une valeur de £350! Composez le 08712300220 à réclamer - National Tarif Call. Bx526, SW73SS",1,spam,SpamShield 真实数据（CC-BY-4.0）
FR0374,"Merci pour votre commande de sonnerie, numéro de référence X49. Votre mobile sera facturé 4.50. Si votre ton n'arrive pas, veuillez appeler le service clientèle 09065989182. de: [colour=red]text[/colour]TXTstar",1,spam,SpamShield 真实数据（CC-BY-4.0）
FR0375,Que voulez-vous pour Xmas? Que diriez-vous de 100 SMS gratuits et un nouveau téléphone vidéo à moitié prix de location de ligne? Appelez gratuitement au 0800 0721072 pour en savoir plus!,1,spam,SpamShield 真实数据（CC-BY-4.0）
FR0376,"Télécharger autant de sonneries que u comme aucune restriction, 1000s 2 choisir. U peut même envoyer 2 ans de copains. Txt Sir à 80082 £3",1,spam,SpamShield 真实数据（CC-BY-4.0）
FR0377,URGENT! Nous essayons de contacter U. Todays draw montre que vous avez gagné un prix de £800 GUARANTIEED. Appelez 09050003091 de la ligne terrestre.,1,spam,SpamShield 真实数据（CC-BY-4.0）
FR0378,"Bonjour, mon petit jouet! J'ai fait la maison et ma pensée constante est de vous, mon amour. J'espère que vous avez une belle visite, mais je ne peux pas attendre que vous rentrez à la maison à moi...*kiss*",0,normal,SpamShield 真实数据（CC-BY-4.0）
FR0379,4mths moitié prix Orange ligne location & dernière caméra téléphones 4 GRATUIT. Avait votre téléphone 11mths+? Appelez MobilesDirect gratuitement le 08000938767 à mettre à jour maintenant! ou2stoptxt T&Cs,1,spam,SpamShield 真实数据（CC-BY-4.0）
FR0380,Et comment va votre mari.,0,normal,SpamShield 真实数据（CC-BY-4.0）
FR0381,Entrée libre dans 2 a wkly comp pour gagner FA Cup final tkts 21 mai 2005. Texte FA à 87121 pour recevoir la question d'entrée(std txt rate)T&C's appliquer 08452810075over18's,1,spam,SpamShield 真实数据（CC-BY-4.0）
FR0382,Je me suis couché peu de temps après t'avoir parlé. Je me suis réveillée à 7 h. Comment s'est passée ta nuit?,0,normal,SpamShield 真实数据（CC-BY-4.0）
FR0383,Vous avez gagné un prix garanti de 32000 ou peut-être même £1000 cash pour réclamer l'appel de l'ur adjudicataire gratuit le 0800..... (18+). Son un numéro légitime efreefone wat u pensez-vous??,1,spam,SpamShield 真实数据（CC-BY-4.0）
FR0384,PRIVÉ! Votre relevé de compte 2003 pour 078,1,spam,SpamShield 真实数据（CC-BY-4.0）
FR0385,"Meilleur msg: C'est difficile d'être avec une personne, quand u savez qu'un pas de plus foward fera u tomber dans l'amour.. &amp; Un pas en arrière peut ruiner l'amitié ur.. bonne nuit:-)...",0,normal,SpamShield 真实数据（CC-BY-4.0）
FR0386,Mais on n'a pas encore le sujet du rite?,0,normal,SpamShield 真实数据（CC-BY-4.0）
FR0387,C'est une partie du contrôle du QI,0,normal,SpamShield 真实数据（CC-BY-4.0）
FR0388,"En fin de compte, le motif de tor tui atteint le korli.",0,normal,SpamShield 真实数据（CC-BY-4.0）
FR0389,URGENT! Votre numéro mobile a été attribué avec un prix Bonus Caller £2000. Appelez le 09058095201 à partir de la ligne terrestre. Valable 12hs seulement,1,spam,SpamShield 真实数据（CC-BY-4.0）
FR0390,UR a décerné une City Break et pourrait WIN une £200 Summer Shopping spree chaque WK. Txt STORE à 88039. SkilGme. TsCs087147403231Winawk!Age16 £1.50perWKsub,1,spam,SpamShield 真实数据（CC-BY-4.0）
FR0391,"Bienvenue au Royaume-Uni-mobile-date ce msg est gratuit vous donnant appel gratuit au 08719839835. Les mgs futurs facturés à 150p par jour. Pour annuler envoyer ""go stop"" à 89123",1,spam,SpamShield 真实数据（CC-BY-4.0）
FR0392,S...i prendra les joueurs de mokka seulement:),0,normal,SpamShield 真实数据（CC-BY-4.0）
FR0393,"Rock yr chik. Obtenez 100's de films sales & XXX photos sur téléphone maintenant. rply FILTH à 69669. Saristar Ltd, E14 9YT 08701752560. 450p par 5 jours. Stop2 annuler",1,spam,SpamShield 真实数据（CC-BY-4.0）
FR0394,Je peux tous décider plus vite parce que ma soeur rentre chez moi..,0,normal,SpamShield 真实数据（CC-BY-4.0）
FR0395,"Désolé da quegam, je suis très désolé d'être retenu par le prasad.",0,normal,SpamShield 真实数据（CC-BY-4.0）
FR0396,"Tu ne peux pas me lire, mon amour?",0,normal,SpamShield 真实数据（CC-BY-4.0）
FR0397,Hey Je suis vraiment excité vouloir discuter ou me voir texte nu chaud à 69698 texte chargé à 150pm pour se désabonner text stop 69698,1,spam,SpamShield 真实数据（CC-BY-4.0）
FR0398,Appelez FREEFONE 08006344447 pour réclamer votre cadeau garanti de £1000 CASH ou £2000. Parlez à un opérateur en direct MAINTENANT!,1,spam,SpamShield 真实数据（CC-BY-4.0）
FR0399,URGENT! Votre numéro mobile a été attribué avec un prix de £2000 GARANTIED. Appelez 09058094455 à partir de la ligne terrestre. Réclamation 3030. Valable 12h seulement,1,spam,SpamShield 真实数据（CC-BY-4.0）
FR0400,Oups. 4 a eu ce morceau.,0,normal,SpamShield 真实数据（CC-BY-4.0）
FR0401,"HELLOGORGEE, HOWS U? Mon père était sur le charge le plus NITW WEN U TEXD ME. HOPEU a fait un NICE WKEND comme si j'étais sûr que U DID LOOKIN 4WARD 2 C-IN U 2MRW LUV JAZ",0,normal,SpamShield 真实数据（CC-BY-4.0）
FR0402,Voulez-vous un nouveau combiné vidéo? 750 any time any network mins? ILLIMITED TEXT? Caméscope? Répondez ou appelez maintenant 08000930705 for del Sat AM,1,spam,SpamShield 真实数据（CC-BY-4.0）
FR0403,Vous avez WON un montant garanti de 1000 £ en espèces ou un prix de 2000 £.Pour réclamer un prix d'année appelez notre représentant du service à la clientèle sur,1,spam,SpamShield 真实数据（CC-BY-4.0）
FR0404,Célébrations en plein essor?,0,normal,SpamShield 真实数据（CC-BY-4.0）
FR0405,"Obtenez 3 Lions Angleterre ton, réponse lionm 4 mono ou lionp 4 poly. 4 plus go 2 www.ringtones.co.uk, le meilleur n original. Tones 3GBP tarifs d'opérateur de réseau s'appliquent",1,spam,SpamShield 真实数据（CC-BY-4.0）
FR0406,"Romantique Paris. 2 nuits, 2 vols à partir de £79 Réservez maintenant 4 l'année prochaine. Appelez le 08704439680Ts&Cs s'appliquent.",1,spam,SpamShield 真实数据（CC-BY-4.0）
FR0407,Peut-être devriez-vous trouver autre chose à faire à la place??,0,normal,SpamShield 真实数据（CC-BY-4.0）
FR0408,Je n'ai pas encore ajouté ü juste..,0,normal,SpamShield 真实数据（CC-BY-4.0）
FR0409,LE BIRD + ANTELOPE BEGIN TOPLAY DANS LE DOMAINE DE L'AUTINDÉPENDANCE CONVIENNENT CE + LE FLEUR DE LA CONTENTION COMMANDERA RANDOM!,0,normal,SpamShield 真实数据（CC-BY-4.0）
FR0410,Je n'ai commencé qu'après avoir envoyé un texto pour parler de radio sportive la semaine dernière. Vous pensez qu'il y a une connexion ou une coïncidence?,1,spam,SpamShield 真实数据（CC-BY-4.0）
FR0411,Ouais pas de problème - la nuit dernière est évidemment en train de vous rattraper... Parlez bientôt,0,normal,SpamShield 真实数据（CC-BY-4.0）
FR0412,Adulte 18 Contenu Votre vidéo sera bientôt avec vous,1,spam,SpamShield 真实数据（CC-BY-4.0）
FR0413,"Je n'arrive pas à réparer cette seconde, je dois frapper les gens d'abord.",0,normal,SpamShield 真实数据（CC-BY-4.0）
FR0414,Pas de nouvelles de U4 un moment. Appelez-moi maintenant je suis ici toute la nuit avec juste mes culottes. Faites-moi supplier pour cela comme U a fait la dernière fois 01223585236 XX Luv Nikiyu4.net,1,spam,SpamShield 真实数据（CC-BY-4.0）
FR0415,"Si vous allez m'appeler, appelez-moi.",0,normal,SpamShield 真实数据（CC-BY-4.0）
FR0416,ROMCAPspam Tout le monde autour devrait bien répondre à votre présence puisque vous êtes si chaud et sortant. Vous apportez un vrai souffle de soleil.,1,spam,SpamShield 真实数据（CC-BY-4.0）
FR0417,Plus de gens sont en levrette dans votre région maintenant. Appelez le 09090204448 et rejoignez comme les gars pensés. Pourquoi ne pas organiser 1 vous-même. Il y a 1 ce soir. A£1.50 minAPN LS278BB,1,spam,SpamShield 真实数据（CC-BY-4.0）
FR0418,Urgent! S'il vous plaît appelez 09061743810 de la ligne fixe. Votre ABTA gratuit 4* Tenerife Holiday ou #5000 argent en attente de la collection SAE T&Cs Box 326 CW25WX 150 ppm,1,spam,SpamShield 真实数据（CC-BY-4.0）
FR0419,sexy sperme sexy et text me im humide et chaud et prêt pour un peu de porno! u up pour un peu de plaisir? CE MSG EST GRATUIT RECD MGS 150P INC VAT 2 ANNULER TEXTE STOP,1,spam,SpamShield 真实数据（CC-BY-4.0）
FR0420,"Alors ne rentre pas à la maison, je mange des nachos.",0,normal,SpamShield 真实数据（CC-BY-4.0）
FR0421,"Venez, c'est...",0,normal,SpamShield 真实数据（CC-BY-4.0）
FR0422,JADE SON PAUL. Vous m'avez dit qu'il fallait me rappeler de BARMED?,0,normal,SpamShield 真实数据（CC-BY-4.0）
FR0423,Je n'arrive pas à penser à quelqu'un avec une chambre libre,0,normal,SpamShield 真实数据（CC-BY-4.0）
FR0424,"Habituellement, le corps prend soin de lui acheter en s'assurant qu'il ne progresse pas. Pouvons-nous poursuivre cette discussion le samedi.",0,normal,SpamShield 真实数据（CC-BY-4.0）
FR0425,Faut-il réserver un pas hein? Donc aller au yoga basique le dimanche?,0,normal,SpamShield 真实数据（CC-BY-4.0）
FR0426,"Bonne nuit, dors bien! Je viens de voir l'Exorcisme d'Emily Rose et je ne dormirai peut-être plus jamais!",0,normal,SpamShield 真实数据（CC-BY-4.0）
FR0427,Retour 2 travail 2morro demi-terme plus! Est-ce que U C me 2nite 4 quelque passion sexy B4 J'ai 2 retour? Chat MAINTENANT 09099726481 Luv DENA Appels £1/minMobsmoreLKPOBOX177HP51FL,1,spam,SpamShield 真实数据（CC-BY-4.0）
FR0428,Votre bon B4U w/c 27/03 est MARSMS. Connectez-vous sur www.B4Utele.com pour bénéficier d'un crédit de réduction.,1,spam,SpamShield 真实数据（CC-BY-4.0）
FR0429,Peut-être approuver le panalam... mais il devrait avoir plus de postes..,0,normal,SpamShield 真实数据（CC-BY-4.0）
FR0430,Prends une photo et envoie-la-moi.,0,normal,SpamShield 真实数据（CC-BY-4.0）
FR0431,Dois-je envoyer cet exe à votre id mail.,0,normal,SpamShield 真实数据（CC-BY-4.0）
FR0432,Je suis à la maison...,0,normal,SpamShield 真实数据（CC-BY-4.0）
FR0433,"Venez autour de &lt;DECIMAL&gt; pm vikky..i'm otside nw, il vient à l'heure",0,normal,SpamShield 真实数据（CC-BY-4.0）
FR0434,SEIGNEUR DES RINGS:RETURNE DU ROI en magasin MAINTENANT!REPLY LOTR avant le 2 juin 4 Chance 2 WIN LOTR bande son CDs StdTxtRate. Répondre STOP à fin txts,1,spam,SpamShield 真实数据（CC-BY-4.0）
FR0435,Cuz a imité et ne veut pas étudier.,0,normal,SpamShield 真实数据（CC-BY-4.0）
FR0436,Je n'ai rien d'autre...,0,normal,SpamShield 真实数据（CC-BY-4.0）
FR0437,S:)mais il a eu un peu de chance.2 captures descendues:),0,normal,SpamShield 真实数据（CC-BY-4.0）
FR0438,Quelqu'un a contacté notre service de rencontres et est entré dans votre téléphone parce qu'ils vous veulent! Pour savoir qui c'est appeler d'une ligne fixe 09111032124. PoBox12n146tf150p,1,spam,SpamShield 真实数据（CC-BY-4.0）
FR0439,Da est bon joueur. Pourquoi il est invendu.,0,normal,SpamShield 真实数据（CC-BY-4.0）
FR0440,U=ve Bin a remporté £50 pour jouer 4 cash instantanée. Appelez 08715203028 pour réclamer. CHAQUE 9e joueur gagne Min £50-£500. OptOut 08718727870,1,spam,SpamShield 真实数据（CC-BY-4.0）
FR0441,"Update_Now - Offre Xmas! Dernier Motorola, SonyEricsson & Nokia & Bluetooth GRATUIT! Double Mins & 1000 Txt sur Orange. Appelez MobileUpd8 au 08000839402 ou call2optout/F4Q=",1,spam,SpamShield 真实数据（CC-BY-4.0）
FR0442,Ok set let u noe e details plus tard...,0,normal,SpamShield 真实数据（CC-BY-4.0）
FR0443,"Mieux que bb. S'il ne veut pas l'utiliser, sa femme le fera ou leur médecin",0,normal,SpamShield 真实数据（CC-BY-4.0）
FR0444,Dois-je demander une chose si vous ne m'erreurz pas.,0,normal,SpamShield 真实数据（CC-BY-4.0）
FR0445,"Bonjour. Ils vont au pub du village à 8 heures, donc soit venez ici, soit là-bas en conséquence.",0,normal,SpamShield 真实数据（CC-BY-4.0）
FR0446,J'espère que vous avez apprécié votre nouveau contenu. text stop to 61610 to unsubscribe. help:08712400602450p Offert par tones2you.co.uk,1,spam,SpamShield 真实数据（CC-BY-4.0）
FR0447,Vous ne pouvez pas obtenir de crédit? Appelez gratuitement 0800 195 6669 ou text back 'help' & we will!,1,spam,SpamShield 真实数据（CC-BY-4.0）
FR0448,"Aujourd'hui, les numéros Voda se terminant à 7548 sont sélectionnés pour recevoir une indemnité de 350 $. Si vous avez une correspondance, veuillez composer le 08712300220 citant le code de réclamation 4041 application taux standard",1,spam,SpamShield 真实数据（CC-BY-4.0）
FR0449,Belle Vérité contre la Gravité.. Lisez attentivement : « Notre cœur sent la lumière quand quelqu'un est dedans.. Mais il se sent très lourd quand quelqu'un la quitte.. » BONNE NUIT,0,normal,SpamShield 真实数据（CC-BY-4.0）
FR0450,Pourquoi n'allez-vous pas dire à votre ami que vous n'êtes pas sûr de vouloir vivre avec lui parce qu'il fume trop puis passer des heures à le supplier de venir fumer,0,normal,SpamShield 真实数据（CC-BY-4.0）
FR0451,Comment. C'est un peu difficile mais c'est une façon simple d'entrer dans cet endroit,0,normal,SpamShield 真实数据（CC-BY-4.0）
FR0452,Je m'inquiétais pour vous. Sachez juste qu'une personne merveilleuse et bienveillante comme vous n'aura que le meilleur dans la vie. Sachez que u r merveilleux et l'amour de Dieu est à vous.,0,normal,SpamShield 真实数据（CC-BY-4.0）
FR0453,Bonjour 07734396839 IBH Offre de fidélité à la clientèle: Le nouveau NOKIA6600 Mobile à partir de SEULEMENT £10 à TXTAUCTION!Txt mot: START to No:81151 & get yours Now!4T&,1,spam,SpamShield 真实数据（CC-BY-4.0）
FR0454,Valentines Day Special! Gagnez plus de £1000 dans notre quiz et prenez votre partenaire sur le voyage d'une vie! Envoyer GO à 83600 maintenant. 150p/msg rcvd. CustCare:0871872001,1,spam,SpamShield 真实数据（CC-BY-4.0）
FR0455,Je ne veux pas entendre la philosophie.,0,normal,SpamShield 真实数据（CC-BY-4.0）
FR0456,Prix XMAS tirages! Nous essayons de contacter U. Todays tirage montre que vous avez gagné un £2000 prix GARANTIEED. Appelez 09058094565 de ligne terrestre. Valable 12hrs seulement,1,spam,SpamShield 真实数据（CC-BY-4.0）
FR0457,Mais vraiment drôle lor wat... puis u shd haf courir plus courte distance wat...,0,normal,SpamShield 真实数据（CC-BY-4.0）
FR0458,WIN une année fourniture de CD 4 un magasin de choix d'une valeur de £500 et entrez notre £100 tirage hebdomadaire txt MUSIC à 87066 Ts&Cs www.Ldew.com.subs16+1win150ppmx3,1,spam,SpamShield 真实数据（CC-BY-4.0）
FR0459,"Bonjour amant-boy! Comment va votre journée? Toute chance est venue à votre chemin? Je pense à vous, ma chérie et envoyer mon amour à travers la mer pour vous faire sourire et heureux",0,normal,SpamShield 真实数据（CC-BY-4.0）
FR0460,"Tu te rends compte qu'en 40 ans, on aura des milliers de vieilles dames qui courent avec des tatouages?",1,spam,SpamShield 真实数据（CC-BY-4.0）
FR0461,"J'y arriverai à 3 h, sauf si vous voulez que je vienne plus tôt.",0,normal,SpamShield 真实数据（CC-BY-4.0）
FR0462,"JEUX GRATUITS. Obtenez Rayman Golf 4 GRATUITEMENT à partir de l'arcade de jeux O2. 1er obtenir les paramètres de jeux UR. Répondre POST, puis enregistrer & activ8. Appuyez sur 0 clé pour Arcade.",1,spam,SpamShield 真实数据（CC-BY-4.0）
FR0463,Ne pas b floppy... b snappy & happy! Seul le service de chat gay avec téléchargement photo appelle 08718730666 (10p/min). 2 arrêtons nos textes téléphone 08712460324,1,spam,SpamShield 真实数据（CC-BY-4.0）
FR0464,Lol ok votre pardon :),0,normal,SpamShield 真实数据（CC-BY-4.0）
FR0465,"Oh, mon amour, c'est bon de t'entendre. Omg Je t'ai tellement manqué aujourd'hui. Je suis désolé que tu aies des problèmes avec le fournisseur, mais merci de m'avoir frappé.",0,normal,SpamShield 真实数据（CC-BY-4.0）
FR0466,Pony £350 prix - Todays Les numéros Voda se terminant par XXXX sont sélectionnés pour recevoir une bourse £350. Si vous avez une correspondance s'il vous plaît appelez 08712300220 citant le code de réclamation 3100 taux standard app,1,spam,SpamShield 真实数据（CC-BY-4.0）
FR0467,Je ne peux plus vous déranger.,0,normal,SpamShield 真实数据（CC-BY-4.0）
FR0468,"Urgent! Nous avons 800 vols GRATUITS vers l'Europe pour donner, appelez B4 10th Sept & prendre un ami 4 GRATUIT. Appelez maintenant pour réclamer le 09050000555. BA128NNFWFLY150ppm",1,spam,SpamShield 真实数据（CC-BY-4.0）
FR0469,Je suis chaud n horny et je veux vivre local pour vous - text une réponse pour entendre strt retour de moi 150p par msg Netcollex LtdAideDesk: 02085076972 réponse Stop to end,1,spam,SpamShield 真实数据（CC-BY-4.0）
FR0470,Préparez votre jardin pour l'été avec une sélection GRATUITE de bulbes d'été et de graines d'une valeur de £33:50 seulement avec The Scotsman ce samedi. Pour arrêter go2 notxt.co.uk,1,spam,SpamShield 真实数据（CC-BY-4.0）
FR0471,Aussi andros glace etc etc,0,normal,SpamShield 真实数据（CC-BY-4.0）
FR0472,"Avez-vous entendu parler de la nouvelle ""Divorce Barbie""? Il vient avec tous les trucs de Ken!",1,spam,SpamShield 真实数据（CC-BY-4.0）
FR0473,Prêts à toute fin même si vous avez un mauvais crédit! Locataires Bienvenue. Appelez NoWorriesLoans.com sur 08717111821,1,spam,SpamShield 真实数据（CC-BY-4.0）
FR0474,Prêt à tout usage £500 - £75 000. Accueil des propriétaires + locataires. Avez-vous déjà été refusé? Nous pouvons encore aider. Appelez gratuitement 0800 1956669 ou retour de texte 'aide',1,spam,SpamShield 真实数据（CC-BY-4.0）
FR0475,"En tant que client apprécié, je suis heureux de vous informer qu'à la suite d'un récent examen de votre Mob No. vous êtes récompensé avec un Prix Bonus £1500, appelez 09066364589",1,spam,SpamShield 真实数据（CC-BY-4.0）
FR0476,"Vous avez gagné?1 000 espèces ou un?2 000 prix! Pour réclamer, composez le09050000327. T&C: RSTM, SW7 3SS. 150ppm",1,spam,SpamShield 真实数据（CC-BY-4.0）
FR0477,U 447801259231 ont un admirateur secret qui cherche 2 prendre contact avec U-find qui ils R*revel qui pense UR si spécial-appel sur 09058094597,1,spam,SpamShield 真实数据（CC-BY-4.0）
FR0478,K.i enverra &lt;#&gt; min:),0,normal,SpamShield 真实数据（CC-BY-4.0）
FR0479,"Les gens portent des t-shirts, des pulls, des chapeaux, des ceintures, c'est tout ce qu'on sait.",0,normal,SpamShield 真实数据（CC-BY-4.0）
FR0480,UR a décerné une City Break et pourrait WIN une vente d'été £200 spree chaque WK. Txt STORE à 88039.SkilGme.TsCs087147403231Winawk!Age16+£1.50parWKsub,1,spam,SpamShield 真实数据（CC-BY-4.0）
FR0481,"WINNER!! En tant que client de réseau apprécié, vous avez été sélectionné pour recevoir une récompense de £900! Pour réclamer un appel 09061701461. Code de réclamation KL341. Valable 12 heures seulement.",1,spam,SpamShield 真实数据（CC-BY-4.0）
FR0482,"Combattre avec le monde est facile, u soit gagner ou perdre bt combatng avec quelque1 qui est proche de u est dificult si u perdre - u perdre si u gagner - u toujours perdre.",0,normal,SpamShield 真实数据（CC-BY-4.0）
FR0483,"C'est le truc avec les singes, tu peux te battre jusqu'à la mort pour garder quelque chose, mais à la minute où ils l'ont quand tu lâches, c'est ça!",0,normal,SpamShield 真实数据（CC-BY-4.0）
FR0484,Ur cash-sole est actuellement 500 livres - pour maximiser ur cash-in maintenant envoyer GO à 86688 seulement 150p/meg. CC: 08718720201 HG/Suite342/2lands Row/W1j6HL,1,spam,SpamShield 真实数据（CC-BY-4.0）
FR0485,"Réclamez un 200 shopping spree, il suffit d'appeler 08717895698 maintenant! Avez-vous gagné! MobStoreQuiz10ppm",1,spam,SpamShield 真实数据（CC-BY-4.0）
FR0486,Vous avez gagné un prix garanti £200 ou même £1000 pour réclamer UR prix appel gratuit sur 08000407165 (18+) 2 stop getstop sur 88222 PHP,1,spam,SpamShield 真实数据（CC-BY-4.0）
FR0487,"Nouveaux Mobiles à partir de 2004, DOIVENT GO! Txt: NOKIA to No: 89545 & collectionner le vôtre aujourd'hui! À partir de UNIQUEMENT £1. www.4-tc.biz 2optout 087187262701.50gbp/mtmsg18 TXTAUCTION.",1,spam,SpamShield 真实数据（CC-BY-4.0）
FR0488,Lemme sait ce qui se passe.,0,normal,SpamShield 真实数据（CC-BY-4.0）
FR0489,S.i pense qu'il est un gâchis pour Rr..,0,normal,SpamShield 真实数据（CC-BY-4.0）
FR0490,Free Top sonnerie -sous-sub-hebdomadaire sonnerie-obt 1st week free-send SUBPOLY à 81618-?3 par semaine-stop sms-08718727870,1,spam,SpamShield 真实数据（CC-BY-4.0）
FR0491,Des histoires sales et des GIRLS en attente de votre,1,spam,SpamShield 真实数据（CC-BY-4.0）
FR0492,Profitez du jamster videosound gold club avec vos crédits pour 2 nouvelles videosounds+ logos+musicnews! obtenez plus de plaisir de jamster.co.uk! 16+seulement Aide? appelez: 09701213186,1,spam,SpamShield 真实数据（CC-BY-4.0）
FR0493,**MESSAGE DE FREE**Merci d'avoir utilisé le service d'abonnement aux enchères. 18. 150p/MSGRCVD 2 Sauter une enchère txt OUT. 2 Désabonnement txt STOP CustomerCare 08718726270,1,spam,SpamShield 真实数据（CC-BY-4.0）
FR0494,Panasonic & BluetoothHdset GRATUIT. Nokia GRATUIT. Motorola Gratuit & DoubleMins & DoubleTxt sur contrat Orange. Appelez MobileUpd8 au 08000839402 ou appelez 2optout,1,spam,SpamShield 真实数据（CC-BY-4.0）
FR0495,Voulez-vous un nouveau Nokia 3510i couleur téléphone livré demain? Avec 200 minutes gratuit à n'importe quel mobile + 100 texte gratuit + caméscope gratuit Répondre ou appeler 8000930705,1,spam,SpamShield 真实数据（CC-BY-4.0）
FR0496,Ravi de vous avoir parlé! N'oubliez pas mon pix :) Je veux vous voir tous...,0,normal,SpamShield 真实数据（CC-BY-4.0）
FR0497,Espèce d'incroyable faglord,0,normal,SpamShield 真实数据（CC-BY-4.0）
FR0498,"Je veux de la neige, il fait froid et venteux.",0,normal,SpamShield 真实数据（CC-BY-4.0）
FR0499,Dis à Rob de s'emparer de son gf dans le théâtre.,0,normal,SpamShield 真实数据（CC-BY-4.0）
FR0500,"URGENT! Votre Mobile No 07808726822 a reçu un prix Bonus Caller de £2,000 le 02/09/03! C'est notre 2e tentative de vous contacter! Appelez 0871-872-9758 BOX95QU",1,spam,SpamShield 真实数据（CC-BY-4.0）
FR0501,Pourquoi tu me parles comme un alias?,0,normal,SpamShield 真实数据（CC-BY-4.0）
FR0502,HMV BONUS SPECIAL 500 livres de véritables bons HMV à gagner. Il suffit de répondre à 4 questions faciles. Jouez maintenant! Envoyer HMV à 86688 Plus d'infos:www.100percent-real.com,1,spam,SpamShield 真实数据（CC-BY-4.0）
FR0503,Quand est votre émission de radio?,0,normal,SpamShield 真实数据（CC-BY-4.0）
FR0504,07732584351 - Rodger Burns - MSG = Nous avons essayé de vous appeler re votre réponse à nos sms pour un mobile nokia gratuit + caméscope gratuit. Veuillez appeler au 08000930705 pour la livraison demain,1,spam,SpamShield 真实数据（CC-BY-4.0）
FR0505,URGENT C'est notre 2e tentative de contacter U. Votre prix £900 de YESTERDAY est toujours en attente de collecte.,1,spam,SpamShield 真实数据（CC-BY-4.0）
FR0506,"URGENT!! Votre 4* Costa Del Sol Holiday or £5000 wait collection. Appelez 09050090044 Now toClaim. SAE, TC s, POBox334, Stockport, SK38xh, Cost£1.50/pm, Max10mins",1,spam,SpamShield 真实数据（CC-BY-4.0）
FR0507,"Désolé, non, j'ai peu de choses à faire. Peut-être qu'il sera au pub plus tard.",0,normal,SpamShield 真实数据（CC-BY-4.0）
FR0508,Cher U've a été invité à XCHAT. C'est notre dernière tentative de contacter u! Txt CHAT à 86688 150p/MsgrcvdHG/Suite342/2Lands/Row/W1J6HL LDN 18 ans,1,spam,SpamShield 真实数据（CC-BY-4.0）
FR0509,"À 4 h, allons à Bill Millers.",0,normal,SpamShield 真实数据（CC-BY-4.0）
FR0510,"Appel urgent 09066649731de Landline. Votre 4* Ibiza Vacances ou £10,000 en espèces attendent la collection SAE T&Cs PO BOX 434 SK3 8WP 150ppm 18+",1,spam,SpamShield 真实数据（CC-BY-4.0）
FR0511,C'est le cadeau de Dieu pour les oiseaux comme les humains ont un cadeau naturel dieu frm..,0,normal,SpamShield 真实数据（CC-BY-4.0）
FR0512,ménagères ennuyées! Chat n datez maintenant! 0871750.77.11! BT-taux national 10p/min seulement depuis les lignes terrestres!,1,spam,SpamShield 真实数据（CC-BY-4.0）
FR0513,Hiya do u like the hlday pics l'air horrible en eux alors a pris mo dehors! Comment le camp Amrca chose? parler bientôt Serena:),0,normal,SpamShield 真实数据（CC-BY-4.0）
FR0514,Pls demande à macho combien est budget pour bb bold 2 est parce que j'ai vu un nouveau pour &lt;#&gt; dollars.,0,normal,SpamShield 真实数据（CC-BY-4.0）
FR0515,"Aujourd'hui, les gens n'aiment pas l'opportunité laxinorfiquée de brambling d'entropification.... Avez-vous déjà choisi oblisingatement les livres ur pour l'amplikater masteriastering de la fidalfication? C'est très champlaxigating, je pense que c'est atroce.. Wotz Ur Opinion??? Junna",0,normal,SpamShield 真实数据（CC-BY-4.0）
FR0516,Tonton timi aide-t-il à nettoyer les voitures?,0,normal,SpamShield 真实数据（CC-BY-4.0）
FR0517,Ur HMV Quiz solde de trésorerie est actuellement £500 - pour maximiser ur cash-in maintenant envoyer HMV1 à 86688 seulement 150p/msg,1,spam,SpamShield 真实数据（CC-BY-4.0）
FR0518,Je pense descendre pour des cours pratiques.. Flung mon avance.. Haha wat time u go?,0,normal,SpamShield 真实数据（CC-BY-4.0）
FR0519,Uhhhrmm n'a pas eu tb test mauvais quand vous êtes malade,0,normal,SpamShield 真实数据（CC-BY-4.0）
FR0520,Félicitations ur a reçu soit £500 de bons-cadeaux CD & Entrée gratuite 2 notre £100 tirage hebdomadaire txt MUSIC à 87066 TnCs www.Ldew.com 1 win150ppmx3age16,1,spam,SpamShield 真实数据（CC-BY-4.0）
FR0521,"Orange vous apporte des sonneries de tous les temps Chart Heroes, avec un succès gratuit chaque semaine! Allez sur Ringtones & Pics sur wap. Pour arrêter de recevoir ces conseils, répondez STOP.",1,spam,SpamShield 真实数据（CC-BY-4.0）
FR0522,"Elle est bonne. Elle se demandait si vous ne voulez pas dire bonjour, mais elle sourit maintenant.",0,normal,SpamShield 真实数据（CC-BY-4.0）
FR0523,Ce message est gratuit. Bienvenue dans le nouveau et amélioré Sex & Dogging club! Pour vous désabonner de ce service répondez STOP. msgs@150p 18+seulement,1,spam,SpamShield 真实数据（CC-BY-4.0）
FR0524,*Soupir profond*... Tu me manques :-(... Je suis vraiment surpris que tu ne sois pas encore allé au net café pour me rejoindre... Je ne te manque pas?,0,normal,SpamShield 真实数据（CC-BY-4.0）
FR0525,"Oui, mon gars habituel est hors de la ville, mais il y a des gens que je connais.",0,normal,SpamShield 真实数据（CC-BY-4.0）
FR0526,"Félicitations 2 mobile 3G Videophones R le vôtre. appelez au 09063458130 maintenant! vidéochat wid ur mates, jouer à des jeux de java, Dload polypH musique, noline locationl. bx420. ip4. 5we. 150p",1,spam,SpamShield 真实数据（CC-BY-4.0）
FR0527,"U se réveille déjà? Wat u faire? U nous ramasse plus tard rite? Je prends sq825, atteignant le 7ème cm 8 comme dat. U peut vérifier l'heure d'arrivée. C ya bientôt...",0,normal,SpamShield 真实数据（CC-BY-4.0）
FR0528,Excuse-moi juste de vérifier que ça ne te dérange pas de venir me chercher à la télé.,0,normal,SpamShield 真实数据（CC-BY-4.0）
FR0529,"Il m'a dit que j'avais l'air d'avoir des cheveux longs, mais il m'a coupé 4 leh.",0,normal,SpamShield 真实数据（CC-BY-4.0）
FR0530,"Pls m'appelle da, qu'est-ce qui se passe?",0,normal,SpamShield 真实数据（CC-BY-4.0）
FR0531,"Bon bon, les potes sont partis, jogging, encore une fois!",0,normal,SpamShield 真实数据（CC-BY-4.0）
FR0532,Parlez sexy!! Faites de nouveaux amis ou tombez amoureux dans le monde le plus discret service de rencontre de texte. Il suffit de texte VIP à 83110 et voir qui vous pourriez rencontrer.,1,spam,SpamShield 真实数据（CC-BY-4.0）
FR0533,URGENT! Vous avez gagné 1 semaine d'adhésion GRATUITE à notre prix Jackpot £ 100 000! Txt le mot: CLAIM to No: 81010 T&C www.dbuk.net LCCLTD POBOX 4403LDNW1A7RW18,1,spam,SpamShield 真实数据（CC-BY-4.0）
FR0534,TheMob>Yo yo-Yo-Here vient une nouvelle sélection de téléchargements chauds pour nos membres pour obtenir GRATUITEMENT! Il suffit de cliquer et d'ouvrir le prochain lien envoyé à ur fone...,1,spam,SpamShield 真实数据（CC-BY-4.0）
FR0535,"1000's flirting MAINTENANT! Txt GIRL ou BLOKE & ur NOM & AGE, par exemple GIRL ZOE 18 à 8007 pour se joindre et discuter!",1,spam,SpamShield 真实数据（CC-BY-4.0）
FR0536,Le solde de trésorerie de l'Ur est actuellement de 500 livres - pour maximiser l'encaissement de l'Ur maintenant envoyer GO à 86688 seulement 150p/msg. CC 08718720201 HG/Suite342/2Lands Row/W1J6HL,1,spam,SpamShield 真实数据（CC-BY-4.0）
FR0537,Sun ah... Thk mayb peut si Dun ont quelque chose sur... Thk doivent réserver e leçon... E pilates est au verger mrt u noe hor...,0,normal,SpamShield 真实数据（CC-BY-4.0）
FR0538,Êtes-vous prêt pour le défi? Je sais que je suis :),0,normal,SpamShield 真实数据（CC-BY-4.0）
FR0539,Ok de toute façon pas besoin de changer avec ce que tu as dit,0,normal,SpamShield 真实数据（CC-BY-4.0）
FR0540,S'il vous plaît appeler notre représentant du service à la clientèle au 0800 169 6031 entre 10h et 21h puisque vous avez WON un montant garanti de £1000 cash ou £5000 prix!,1,spam,SpamShield 真实数据（CC-BY-4.0）
FR0541,C'est cool mais Tyler a dû décoller pour qu'on l'achète et qu'on le dépose chez lui plus tard ce soir.,0,normal,SpamShield 真实数据（CC-BY-4.0）
FR0542,Je sais que Z va s'occuper de moi.,0,normal,SpamShield 真实数据（CC-BY-4.0）
FR0543,"notre numéro mobile a gagné £5000, pour réclamer nous rappeler ou sonner les réclamations ligne chaude sur 09050005321.",1,spam,SpamShield 真实数据（CC-BY-4.0）
FR0544,URGENT! Votre numéro mobile a été attribué avec un prix de £2000 GARANTIED. Appelez 09058094454 à partir de la ligne terrestre. Réclamation 3030. Valable 12h seulement,1,spam,SpamShield 真实数据（CC-BY-4.0）
FR0545,Désolé d'avoir été si pauvre... mais seulement 4 une nuit... Tmr u aura une toute nouvelle chambre 2 dans...,0,normal,SpamShield 真实数据（CC-BY-4.0）
FR0546,J'ai rendez-vous avec Darren...,0,normal,SpamShield 真实数据（CC-BY-4.0）
FR0547,Lul im gettin quelques ragots juteux à l'hôpital. Deux infirmières parlent de la graisse qu'ils sont gettin. Et on pense qu'elle est obèse.,0,normal,SpamShield 真实数据（CC-BY-4.0）
FR0548,"Gardez les problèmes ur dans votre coeur, b'coz personne ne se battra pour u. Seulement u &amp; u doivent se battre pour ur auto &amp; gagner la bataille. -VIVEKANAND- G 9t.. SD... jambon Oui, appelez-moi si vous avez une minute de jambon HI BABE UAWAKE?FEELLIKW SHIT.JUSTFOUND OUT VIA ALETTER THUM GOTMARRIED 4thNOV.BEHINND NOS BACKS",0,normal,SpamShield 真实数据（CC-BY-4.0）
FR0549,OUI! Le seul endroit en ville pour rencontrer des célibataires adultes passionnants est maintenant au Royaume-Uni. Txt CHAT à 86688 maintenant! 150p/Msg.,1,spam,SpamShield 真实数据（CC-BY-4.0）
FR0550,"Tout flippant comme ça, il ne pensera pas qu'on a oublié.",0,normal,SpamShield 真实数据（CC-BY-4.0）
FR0551,"Pas de problème, nous passerons beaucoup de temps ensemble...",0,normal,SpamShield 真实数据（CC-BY-4.0）
FR0552,"Si je suis si désespérée, j'appellerai à nouveau Armand.",0,normal,SpamShield 真实数据（CC-BY-4.0）
FR0553,Pour les pauses shopping les plus étincelantes à partir de 45 par personne; composez le 0121 205050 ou visitez www.shortbreaks.org.uk,1,spam,SpamShield 真实数据（CC-BY-4.0）
FR0554,"Je vous souhaite la bienvenue, je vous prie de m'excuser.",0,normal,SpamShield 真实数据（CC-BY-4.0）
FR0555,C'est ma chérie qui dort?,0,normal,SpamShield 真实数据（CC-BY-4.0）
FR0556,Je vous emmène manger à l'italienne. Que diriez-vous d'une jolie robe sans culotte? :),0,normal,SpamShield 真实数据（CC-BY-4.0）
FR0557,Le solde de trésorerie de l'Ur est actuellement de 500 livres - pour maximiser l'encaissement de l'Ur maintenant envoyer CASH à 86688 seulement 150p/msg. CC: 08718720201 PO BOX 114/14 TCR/W1,1,spam,SpamShield 真实数据（CC-BY-4.0）
FR0558,URGENT! Votre numéro mobile a été attribué avec un prix de £2000 GARANTIED. Appelez 09061790121 à partir de la ligne terrestre. Réclamation 3030. Valable 12hrs seulement 150ppm,1,spam,SpamShield 真实数据（CC-BY-4.0）
FR0559,Avez-vous entendu parler de ce travail? Je vais à cette faune parler encore ce soir si vous voulez2come. C'est que2worzels et un wizzle ou quoi que ce soit?!,0,normal,SpamShield 真实数据（CC-BY-4.0）
FR0560,N'essayez jamais seul de prendre le poids d'une déchirure qui sort de votre cœur et tombe à travers vos yeux... Souvenez-vous toujours qu'un FRIEND STUPIDE est là pour partager... BSLVYL,0,normal,SpamShield 真实数据（CC-BY-4.0）
FR0561,"Salut Chikku, envoyez quelques jolies msgs",0,normal,SpamShield 真实数据（CC-BY-4.0）
FR0562,"Mark travaille demain, il sort à 5 h. Son travail est près de chez toi pour qu'il puisse se rencontrer après.",0,normal,SpamShield 真实数据（CC-BY-4.0）
FR0563,SMS AUCTION Vous avez gagné un Nokia 7250i. C'est ce que vous obtenez lorsque vous gagnez notre vente aux enchères GRATUITE. Pour participer envoyez Nokia à 86021 maintenant. HG/Suite342/2Lands Row/W1JHL 16+,1,spam,SpamShield 真实数据（CC-BY-4.0）
FR0564,"FreeMsg: Revendication ur 250 SMS-Texte OK à 84025 maintenant!Utilisez web2mobile 2 ur mates etc. Rejoignez Txt250.com pour 1.50p/wk. T&C BOX139, LA32WU. 16. Supprimer txtX ou arrêter",1,spam,SpamShield 真实数据（CC-BY-4.0）
FR0565,"Oui, quel que soit le lol.",0,normal,SpamShield 真实数据（CC-BY-4.0）
FR0566,La décision de Wat?,0,normal,SpamShield 真实数据（CC-BY-4.0）
FR0567,Jus est revenu en déjeuner avec ma sœur.,0,normal,SpamShield 真实数据（CC-BY-4.0）
FR0568,Nous avons de nouvelles dates locales dans votre région - Beaucoup de nouvelles personnes inscrites dans votre zone. Date de réponse pour commencer maintenant! 18 seulement www.flirtparty.us REPLYS150,1,spam,SpamShield 真实数据（CC-BY-4.0）
FR0569,"C'est la 2ème fois que nous avons essayé 2 contact u. U ont gagné le prix £750 Pound. 2 réclamation est facile, appelez 087187272008 NOW1! Seulement 10p par minute. BT-national-tarif.",1,spam,SpamShield 真实数据（CC-BY-4.0）
FR0570,"Ok. Pas grand chose à faire ici cependant. H&M vendredi, ne peut pas attendre. Dunno wot l'enfer im va faire pendant encore 3 semaines! Devenez un slob- oh attendez, déjà fait!",0,normal,SpamShield 真实数据（CC-BY-4.0）
FR0571,XCLUSIVE@CLUBSAISAI 2MOROW 28/5 SOIRE SPECIALE ZOUK AVEC NICHOLS DE PARIS.FREE ROSES 2 TOUTES LES LANDIES!!! info: 07946746291/07880867867,1,spam,SpamShield 真实数据（CC-BY-4.0）
FR0572,Est-ce que l'examen réel était plus dur que le NBME,0,normal,SpamShield 真实数据（CC-BY-4.0）
FR0573,Je ne sais pas combien de pages on a?,0,normal,SpamShield 真实数据（CC-BY-4.0）
FR0574,8007 GRATUIT pour la 1ère semaine! No1 Nokia tone 4 ur maf chaque semaine juste txt NOKIA à 8007 Obtenez txting et dites à vos amis www.getzed.co.uk POBox 36504 W4 5WQ norm 150p/tone 16+,1,spam,SpamShield 真实数据（CC-BY-4.0）
FR0575,"Bon, si april, j'ai hâte.",0,normal,SpamShield 真实数据（CC-BY-4.0）
FR0576,Alors pourquoi tu es venu à l'auberge.,0,normal,SpamShield 真实数据（CC-BY-4.0）
FR0577,"Il a dit qu'il écrirait et qu'il ne l'a pas vu, qu'il m'a laissé tomber doucement, s'il vous plaît.",0,normal,SpamShield 真实数据（CC-BY-4.0）
FR0578,INTERFLORA - Il n'est pas trop tard pour commander des fleurs Interflora pour Noël appelez le 0800 505060 pour passer votre commande avant minuit demain.,1,spam,SpamShield 真实数据（CC-BY-4.0）
FR0579,"Salut ya babe x u 4goten bout me?' escrocs de devenir intelligent..Même si c'est une vodafone régulière non, si vous répondez vous obtenez plus prem taux msg/abonnement. Autres nos utilisés aussi. Méfiez-vous!",1,spam,SpamShield 真实数据（CC-BY-4.0）
FR0580,informations importantes 4 utilisateur orange 0789xxxxxx. aujourd'hui est votre jour de chance!2trouvez pourquoi vous connecter à http://www.urawinner.com IL Y A UNE SURPRISE FANTASTIQUE VOUS RETOURNANT!,1,spam,SpamShield 真实数据（CC-BY-4.0）
FR0581,Merci 4 votre soutien continu Votre question cette semaine va entrer u in2 notre tirage 4 £100 cash. Nommez le nouveau président américain? txt ans à 80082,1,spam,SpamShield 真实数据（CC-BY-4.0）
FR0582,Vous avez envie d'essayer à nouveau le kadeem? :V,0,normal,SpamShield 真实数据（CC-BY-4.0）
FR0583,"Félicitations! 2 Videophones 3G mobiles R le vôtre. appelez le 09063458130 maintenant! vidéochat avec vos potes, jouer à des jeux de java, Dload polyPH musique, noline locationl.",1,spam,SpamShield 真实数据（CC-BY-4.0）
FR0584,U ont un amiral secret qui cherche 2 faire contact avec U-find qui ils R*revel qui pense UR si spécial-appel sur 09065171142-stopsms-08718727870150ppm,1,spam,SpamShield 真实数据（CC-BY-4.0）
FR0585,5p 4 alfie Moon's Children in need chant on ur mob. Tell ur m8s. Txt Tone charité à 8007 pour Nokias ou Poly charité pour polys: zed 08701417012 bénéfice 2 charité.,1,spam,SpamShield 真实数据（CC-BY-4.0）
FR0586,"En tant que client apprécié de Vodafone, notre ordinateur vous a choisi pour gagner un prix de £150. Pour collecter est facile. Il suffit d'appeler 09061743386",1,spam,SpamShield 真实数据（CC-BY-4.0）
FR0587,"Ces semaines, les offres de membres SavaMob sont maintenant accessibles. Il suffit de téléphoner au 08709501522 pour plus de détails! SavaMob, POBOX 139, LA3 2WU. Seulement £1.50/semaine. SavaMob - offre mobile!",1,spam,SpamShield 真实数据（CC-BY-4.0）
FR0588,&lt;#&gt; w jetton ave si vous avez oublié,0,normal,SpamShield 真实数据（CC-BY-4.0）
FR0589,"ou sont garantis le dernier Nokia Phone, un lecteur iPod MP3 40 Go ou un prix £500! Txt mot: COLLECT to No: 83355! IBHltd LdnW15H 150p/Mtmsgrcvd18",1,spam,SpamShield 真实数据（CC-BY-4.0）
FR0590,"Ce que je veux dire, c'est que je suis parti trop tôt pour vérifier, parce que je travaille un 9-6.",0,normal,SpamShield 真实数据（CC-BY-4.0）
FR0591,Babe: U veux que je donne u bébé! Im méchant et avoir une chose 4 salestyguys. Fantastique un moment grossier avec une salope sexy. Et si on allait slo n hard! Txt XXX SLO(4msgs),1,spam,SpamShield 真实数据（CC-BY-4.0）
FR0592,Ur balance est maintenant £500. Ur prochaine question est: Qui a chanté 'Uptown Girl' dans les années 80? 2 réponse txt ur RÉPONSE à 83600. Bonne chance!,1,spam,SpamShield 真实数据（CC-BY-4.0）
FR0593,J'y serai avec les minutes de &lt;#&gt;. J'ai n'importe quel espace,0,normal,SpamShield 真实数据（CC-BY-4.0）
FR0594,Knock Knock Txt dont il ya 80082 pour entrer r tirage hebdomadaire 4 un chèque-cadeau £250 4 un magasin de choix d'année. T&Cs www.tkls.com âge16 à stoptxtstop £1.50/semaine,1,spam,SpamShield 真实数据（CC-BY-4.0）
FR0595,Natalja (25/F) vous invite à être son ami. Réponse OUI-440 ou NO-440 Voir elle: www.SMS.ac/u/nat27081980 STOP? Envoyer STOP FRND au 62468,1,spam,SpamShield 真实数据（CC-BY-4.0）
FR0596,"TheMob> Découvrez notre nouvelle sélection de contenus, Jeux, Tons, Gossip, Bébés et Sport, Gardez votre mobile en forme et texte funky WAP à 82468",1,spam,SpamShield 真实数据（CC-BY-4.0）
FR0597,"Aujourd'hui, les numéros Voda se terminant par 7634 sont sélectionnés pour recevoir une récompense de £350. Si vous avez une correspondance, veuillez composer le 08712300220 en citant le code de réclamation 7684.",1,spam,SpamShield 真实数据（CC-BY-4.0）
FR0598,Ma mère n'est pas allée chez 2 dentistes.,0,normal,SpamShield 真实数据（CC-BY-4.0）
FR0599,"On espère partir à 7 h de Langport, tu es toujours en ville ce soir?",0,normal,SpamShield 真实数据（CC-BY-4.0）
FR0600,Devrais-je traquer u?,0,normal,SpamShield 真实数据（CC-BY-4.0）
FR0601,Chb b ok lor... Thanx...,0,normal,SpamShield 真实数据（CC-BY-4.0）
FR0602,Le vin coule et je n'ai jamais...,0,normal,SpamShield 真实数据（CC-BY-4.0）
FR0603,Y a-t-il de l'entraînement demain?,0,normal,SpamShield 真实数据（CC-BY-4.0）
FR0604,"Les toilettes de la police ont été volées, les flics n'ont rien à faire!",1,spam,SpamShield 真实数据（CC-BY-4.0）
FR0605,Elle n'a pas besoin de test.,0,normal,SpamShield 真实数据（CC-BY-4.0）
FR0606,"Pour revoir et TENIR le fantastique Nokia N-Gage jeu deck avec Club Nokia, allez 2 www.cnupdates.com/newsletter. désabonner des alertes répondre avec le mot OUT",1,spam,SpamShield 真实数据（CC-BY-4.0）
FR0607,Répondez avec votre nom et adresse et VOUS RECEVEZ PAR POSTE une semaine d'hébergement entièrement gratuit à différents emplacements mondiaux www.phb1.com ph:08700435505150p,1,spam,SpamShield 真实数据（CC-BY-4.0）
FR0608,Ils déduiront votre leçon?,0,normal,SpamShield 真实数据（CC-BY-4.0）
FR0609,Ringtone Club: Obtenez le graphique des singles UK sur votre mobile chaque semaine et choisissez n'importe quelle sonnerie de qualité supérieure! Ce message est gratuit.,1,spam,SpamShield 真实数据（CC-BY-4.0）
FR0610,Bébés je pense que j'ai eu ur brolly je l'ai laissé en anglais wil apporter en 2mrw 4 u luv Franxx,0,normal,SpamShield 真实数据（CC-BY-4.0）
FR0611,"Si je suppose, autant prendre 1 voiture",0,normal,SpamShield 真实数据（CC-BY-4.0）
FR0612,informations importantes 4 utilisateur orange. aujourd'hui c'est votre jour de chance!2trouvez pourquoi vous connecter à http://www.urawinner.com IL Y A UNE SURPRISE FANTASTIQUE VOUS RETOURNANT!,1,spam,SpamShield 真实数据（CC-BY-4.0）
FR0613,"URGENT. Informations importantes pour l'utilisateur 02. Aujourd'hui c'est votre jour de chance! 2 découvrez pourquoi, connectez-vous à http://www.urawinner.com il y a une surprise fantastique qui vous attend!",1,spam,SpamShield 真实数据（CC-BY-4.0）
FR0614,CDs 4u: Félicitations à ur décerné £500 de bons-cadeaux CD ou £125 cadeau garanti & Freeentry 2 £100 wkly dessiner xt MUSIC à 87066 TnCs www.ldew.com1win150ppmx3age16,1,spam,SpamShield 真实数据（CC-BY-4.0）
FR0615,"Oui, j'ai fini.",0,normal,SpamShield 真实数据（CC-BY-4.0）
FR0616,"Oui, j'ai commencé à envoyer des demandes pour le faire mais la douleur est revenue alors je suis de retour au lit. Double pièces à l'usine aussi.",0,normal,SpamShield 真实数据（CC-BY-4.0）
FR0617,fans de sport - obtenez les dernières nouvelles sportives str* 2 ur mobile 1 wk GRATUIT PLUS un TONE Txt SPORT ON à 8007 www.getzed.co.uk 0870141701216+ norme 4txt/120p,1,spam,SpamShield 真实数据（CC-BY-4.0）
FR0618,Vous avez WON un montant garanti de £1000 cash ou un prix £2000. Pour réclamer le prix yr appelez notre représentant du service à la clientèle au 087147123994 entre 10h00 et 19h00,1,spam,SpamShield 真实数据（CC-BY-4.0）
FR0619,No da:)il est stupide da..toujours envoyer comme ceci:)don croire n'importe lequel de ces messages.pandy est un mental:),0,normal,SpamShield 真实数据（CC-BY-4.0）
FR0620,Je veux te faire plaisir tous les soirs.,0,normal,SpamShield 真实数据（CC-BY-4.0）
FR0621,"Ouais, baignez liao...",0,normal,SpamShield 真实数据（CC-BY-4.0）
FR0622,Où as-tu passé le test?,0,normal,SpamShield 真实数据（CC-BY-4.0）
FR0623,Tu as émigré ou quelque chose comme ça?,0,normal,SpamShield 真实数据（CC-BY-4.0）
FR0624,"Je l'ai eu avant la nouvelle année parce qu'elle a dit qu'elle voulait vous surprendre avec elle, mais quand je n'ai pas vu l'argent je l'ai retourné mi janvier avant la période de retour de jour de &lt;#&gt; terminé.",0,normal,SpamShield 真实数据（CC-BY-4.0）
FR0625,"Services SMS. pour vos crédits texte inclus, pls goto www.comuk.net login= ***** désabonnement avec STOP. sans frais supplémentaires. help:08700469649. PO BOX420. IP4 5WE",1,spam,SpamShield 真实数据（CC-BY-4.0）
FR0626,"GRATUITEMENT RING TONE text juste ""POLYS"" à 87131. Puis chaque semaine obtenir un nouveau ton. 0870737910216ans seulement £1.50/wk.",1,spam,SpamShield 真实数据（CC-BY-4.0）
FR0627,J'attends votre appel.,0,normal,SpamShield 真实数据（CC-BY-4.0）
FR0628,"Gratuit Msg: obtenir Gnarls Barkleys ""Crazy"" sonnerie TOTALEMENT GRATUIT juste répondre Aller à ce message dès maintenant!",1,spam,SpamShield 真实数据（CC-BY-4.0）
FR0629,à partir de www.Applausestore.com MensuelAbonnement@50p/msg max6/mois T&CsC web age16 2stop txt stop,1,spam,SpamShield 真实数据（CC-BY-4.0）
FR0630,Tu dors toute la matinée?,0,normal,SpamShield 真实数据（CC-BY-4.0）
FR0631,Tu t'approches ou tu restes chez Alex?,0,normal,SpamShield 真实数据（CC-BY-4.0）
FR0632,"Félicitations - Merci à un bon ami U ont WON le prix £2.000 Xmas. 2 réclamation est facile, il suffit d'appeler 08712103738 MAINTENANT! Seulement 10p par minute. BT-national-tarif",1,spam,SpamShield 真实数据（CC-BY-4.0）
FR0633,"Je tot u dehors cos darren dire u venir faire du shopping. Bien sûr, nous sommes gentils wat. Nous sommes allés sim lim regarder le lecteur mp3.",0,normal,SpamShield 真实数据（CC-BY-4.0）
FR0634,"Oh... Icic... K lor, den meeting l'autre jour...",0,normal,SpamShield 真实数据（CC-BY-4.0）
FR0635,"Da ma date de naissance dans le certificat est en avril, mais la vraie date est aujourd'hui. Mais ne la publiez pas. Je vous donnerai un cadeau spécial si vous gardez le secret.",0,normal,SpamShield 真实数据（CC-BY-4.0）
FR0636,18 jours avant le lancement de l'Euro2004! U sera tenu informé de toutes les dernières actualités et résultats quotidiens. Désabonnement envoyer GET EURO STOP à 83222.,1,spam,SpamShield 真实数据（CC-BY-4.0）
FR0637,"Oh, alors ton téléphone m'a téléphoné mais il a déconnecté",0,normal,SpamShield 真实数据（CC-BY-4.0）
FR0638,"Hey doux, je me demandais quand vous avez eu un moment si vous pouviez venir à moi? Je veux envoyer un fichier à quelqu'un mais il ne va pas passer par yahoo pour eux parce que leur connexion craint, rappelez-vous quand vous avez configuré cette page pour que j'aille à et télécharger le disque de format? Pouvez-vous me dire comment faire cela? Ou savez-vous un autre moyen de télécharger de gros fichiers? Parce qu'ils peuvent télécharger des choses directement à partir d'Internet. Toute aide serait géniale, ma proie... *baiser baiser*",0,normal,SpamShield 真实数据（CC-BY-4.0）
FR0639,"Sacs à ordures, œufs, confiture, pain, fromage de blé d'Hannaford",0,normal,SpamShield 真实数据（CC-BY-4.0）
FR0640,Le solde de trésorerie de l'Ur est actuellement de 500 livres - pour maximiser l'encaissement de l'Ur maintenant envoyer CASH à 86688 seulement 150p/msg. CC: 08708800282 HG/Suite342/2Lands Row/W1J6HL,1,spam,SpamShield 真实数据（CC-BY-4.0）
FR0641,Je ne peux pas croire à quel point je suis attaché à te voir tous les jours. Je sais que tu feras de ton mieux pour m'atteindre bébé.,0,normal,SpamShield 真实数据（CC-BY-4.0）
FR0642,Avait votre mobile 11mths? Mise à jour gratuite aux derniers appareils photo couleur Oranges mobiles et appels illimités week-end. Appelez Mobile Upd8 sur freefone 08000839402 ou 2StopTxt,1,spam,SpamShield 真实数据（CC-BY-4.0）
FR0643,Dépêchez-vous de rentrer.,0,normal,SpamShield 真实数据（CC-BY-4.0）
FR0644,"Nouveaux tons Cette semaine comprennent: 1) McFly-All Ab.., 2) Sara Jorge-Shock.. 3) Will Smith-Switch.. Pour commander suivre les instructions sur le message suivant",1,spam,SpamShield 真实数据（CC-BY-4.0）
FR0645,"BangBabes Ur commande est en route. U DOIT recevoir un Service Msg 2 télécharger le contenu UR. Si U ne pas, GoTo wap. bangb. tv sur le menu UR mobile internet/service",1,spam,SpamShield 真实数据（CC-BY-4.0）
FR0646,Hard LIVE 121 chat just 60p/min. Choisissez votre fille et connectez-vous LIVE. Appelez 09094646899 maintenant!,1,spam,SpamShield 真实数据（CC-BY-4.0）
FR0647,Vous voulez 2 se faire baiser ce soir? Vous voulez de vrais emplacements de dogging envoyés directement 2 ur maf? Rejoignez le plus grand réseau de dogging du Royaume-Uni bt Txting GRAVEL à 69888! Nt. ec2a. 31p.msg@150p,1,spam,SpamShield 真实数据（CC-BY-4.0）
FR0648,"C'est ok, si quelqu'un me demande abt, u tel them..:-P",0,normal,SpamShield 真实数据（CC-BY-4.0）
FR0649,4mths moitié prix Orange ligne location & dernière caméra téléphones 4 GRATUIT. Avait votre téléphone 11mths? Appelez MobilesDirect gratuitement le 08000938767 à mettre à jour maintenant! ou2stoptxt,1,spam,SpamShield 真实数据（CC-BY-4.0）
FR0650,PRIVÉ! Votre relevé de compte de 2003 pour 07808247860 indique 800 points S. I. M. non revus. Appelez le 08719899229 Code d'identification: 40411 Expire 06/11/04,1,spam,SpamShield 真实数据（CC-BY-4.0）
FR0651,"Ce qui est important, c'est que vous préveniez la déshydratation en lui donnant suffisamment de liquides.",0,normal,SpamShield 真实数据（CC-BY-4.0）
FR0652,Qu'est-ce que tu as prévu pour ta Valentine?,0,normal,SpamShield 真实数据（CC-BY-4.0）
FR0653,"Bon, à tout à l'heure.",0,normal,SpamShield 真实数据（CC-BY-4.0）
FR0654,R u sur ce continent?,0,normal,SpamShield 真实数据（CC-BY-4.0）
FR0655,"Oui, probablement mais pas sûr. Ilol nous le fait savoir, mais personnellement je ne m'embête pas, puis encore si vous allez à alors je râle aussi!!",0,normal,SpamShield 真实数据（CC-BY-4.0）
FR0656,MSG GRATUIT:Nous avons facturé votre numéro de téléphone mobile par erreur à partir du shortcode 83332.Veuillez appeler le 08081263000 pour que les frais soient remboursés.Cet appel sera gratuit d'une ligne fixe BT,1,spam,SpamShield 真实数据（CC-BY-4.0）
FR0657,"Voici votre code de réduction RP176781. Pour arrêter d'autres messages, arrêtez de répondre. www.regalportfolio.co.uk. Services à la clientèle 08717205546",1,spam,SpamShield 真实数据（CC-BY-4.0）
FR0658,Bonjour. Nous avons besoin de quelques oiseaux chics et des chaps à l'utilisateur essai prods pour les champions. Puis-je vous poser? J'ai besoin de votre adresse et dob asap. Ta r,1,spam,SpamShield 真实数据（CC-BY-4.0）
FR0659,Je ne suis pas du tout content de ce que vous dites ou faites,0,normal,SpamShield 真实数据（CC-BY-4.0）
FR0660,S'il vous plaît APPELEZ 08712402902 immédiatement car il y a un message urgent vous attendant.,1,spam,SpamShield 真实数据（CC-BY-4.0）
FR0661,Texte et rencontrez quelqu'un de sexy aujourd'hui. U peut trouver une date ou même flirter son jusqu'à U. Joindre 4 juste 10p. RÉPONSER avec NAME & AGE par exemple Sam 25. 18 -msg recd@thirtyheight pence,1,spam,SpamShield 真实数据（CC-BY-4.0）
FR0662,"Je vous promets de m'occuper de vous, princesse.",0,normal,SpamShield 真实数据（CC-BY-4.0）
FR0663,A partir du mois prochain obtenir jusqu'à 50% Plus Appels 4 Ur charge réseau standard 2 activer Appel 9061100010 C Wire3.net 1st4Terms PoBox84 M26 3UZ Coût £1.50 min MobcudB plus,1,spam,SpamShield 真实数据（CC-BY-4.0）
FR0664,C'est le courrier normalement chaud.,0,normal,SpamShield 真实数据（CC-BY-4.0）
FR0665,Jamster! Pour obtenir votre texte papier peint gratuit HEART à 88888 maintenant! T&C appliquer. 16 seulement. Besoin d'aide? Appelez 08701213186.,1,spam,SpamShield 真实数据（CC-BY-4.0）
FR0666,Aujourd'hui les numéros Voda se terminant 1225 sont sélectionnés pour recevoir un £50award. Si vous avez une correspondance s'il vous plaît appelez 08712300220 citant le code de réclamation 3100 taux standard app,1,spam,SpamShield 真实数据（CC-BY-4.0）
FR0667,Burger King - Vous voulez jouer au footy dans un stade haut? Obtenez 2 Burger King avant le 1er sept et aller Grand ou Super avec Coca-Cola et sortir un gagnant,1,spam,SpamShield 真实数据（CC-BY-4.0）
FR0668,Devinez quoi! Quelqu'un que vous connaissez secrètement vous! Vous voulez savoir qui c'est? Appelez-nous sur 09065394514 De Landline DATEBox1282EssexCM61XN 150p/min 18,1,spam,SpamShield 真实数据（CC-BY-4.0）
FR0669,K Je m'en occupe.,0,normal,SpamShield 真实数据（CC-BY-4.0）
FR0670,Texte BANNEDUK à 89555 pour voir! coût 150p textoperator g696ga 18+ XXX,1,spam,SpamShield 真实数据（CC-BY-4.0）
FR0671,Get ur 1st RINGTONE GRATUITEMENT! Répondre à ce msg avec TONE. Gr8 TOP 20 tons à votre téléphone chaque semaine juste £1.50 par wk 2 opt out envoyer STOP 08452810071 16,1,spam,SpamShield 真实数据（CC-BY-4.0）
FR0672,"Hmm, trop d'entre eux malheureusement... les pics ne sont évidemment pas des gâteaux chauds.",0,normal,SpamShield 真实数据（CC-BY-4.0）
FR0673,"Oui, ne va pas te coucher, je reviens avant minuit.",0,normal,SpamShield 真实数据（CC-BY-4.0）
FR0674,Salut darlin im sur helens fone im va monter les princes 2 nite s'il te plaît viens tb aimer Kate,0,normal,SpamShield 真实数据（CC-BY-4.0）
FR0675,SMS AUCTION - Une nouvelle vente aux enchères Nokia 7250 est en hausse aujourd'hui! La vente aux enchères est GRATUITE 2 joignez-vous et participez! Txt NOKIA à 86021 maintenant!,1,spam,SpamShield 真实数据（CC-BY-4.0）
FR0676,Le bus part à &lt;#&gt;,0,normal,SpamShield 真实数据（CC-BY-4.0）
FR0677,Vous voulez un nouveau Video Phone? 750 anytime any network mins? Demi-prix ligne de location de texte gratuit pendant 3 mois? Répondre ou appeler 08000930705 pour la livraison gratuite,1,spam,SpamShield 真实数据（CC-BY-4.0）
FR0678,opérateur de réseau. Le service est gratuit. Pour la visite de T & C 80488.biz,1,spam,SpamShield 真实数据（CC-BY-4.0）
FR0679,D= VIOLET E= TULIP F= LILY txt D E or F to 84025 MAINTENANT 4 chance 2 WIN £100 Cash WKENT/150P16+,1,spam,SpamShield 真实数据（CC-BY-4.0）
FR0680,FreeMsg C'est le jour d'aujourd'hui si vous êtes prêt! Je suis excité & vivre dans votre ville. J'aime le sex fun & games! Netcollex Ltd 08700621170150p par msg reply Stop to end,1,spam,SpamShield 真实数据（CC-BY-4.0）
FR0681,Caméra - Vous êtes récompensé d'un appareil photo numérique SiPix! appeler 09061221066 dem fixe. Livraison sous 28 jours.,1,spam,SpamShield 真实数据（CC-BY-4.0）
FR0682,Hé compagnie Elama po boudyadhu.,0,normal,SpamShield 真实数据（CC-BY-4.0）
FR0683,se préparer à gémir et crier :),0,normal,SpamShield 真实数据（CC-BY-4.0）
FR0684,"cmon bébé, me faire excité, *tour* moi sur! Txt moi votre fantasme maintenant bébé -) Im chaud, collant et besoin de vous maintenant. Toutes les réponses coût £1.50. 2 annuler envoyer STOP",1,spam,SpamShield 真实数据（CC-BY-4.0）
FR0685,"XXXMobileMovieClub: Pour utiliser votre crédit, cliquez sur le lien WAP dans le prochain message txt ou cliquez ici> http://wap. xxxmobilemovieclub.com?n=QJKGIGHJJGCBL",1,spam,SpamShield 真实数据（CC-BY-4.0）
FR0686,Envoyer un logo 2 ur amant - 2 noms rejoints par un cœur. Txt LOVE NAME1 NAME2 MOBNO eg LOVE ADAM EVE 07123456789 à 87077 Yahoo! POBox36504W45WQ TxtNO 4 pas d'annonces 150p,1,spam,SpamShield 真实数据（CC-BY-4.0）
FR0687,"Je me suis endormie, chérie. Prends soin de toi.",0,normal,SpamShield 真实数据（CC-BY-4.0）
FR0688,"On dirait que j'avais tort et qu'un des numéros de kappa est toujours sur mon téléphone, si tu veux que je lui envoie un texto pour voir s'il est là.",0,normal,SpamShield 真实数据（CC-BY-4.0）
FR0689,"Vous êtes contacté par notre service de rencontres par quelqu'un que vous connaissez! Pour savoir qui c'est, appelez d'une ligne terrestre 09050000928. PoBox45W2TG150P",1,spam,SpamShield 真实数据（CC-BY-4.0）
FR0690,RGENT! C'est la 2e tentative de contacter U!U ont WON £1250 APPEL 09071512433 b4 050703 T&CsBCM4235WC1N3XX. callcost 150ppm mobilesvary. max £7.50,1,spam,SpamShield 真实数据（CC-BY-4.0）
FR0691,Nous avons essayé de vous contacter re votre réponse à notre offre de 750 minutes 150 texte et un nouveau téléphone vidéo 08002988890 maintenant ou répondre à la livraison gratuite demain,1,spam,SpamShield 真实数据（CC-BY-4.0）
FR0692,PRIVÉ! Votre relevé de compte de 2003 pour 07973788240 indique 800 points S. I. M. non revus. Appelez le 08715203649 Code d'identification: 40533 Expire 31/10/04,1,spam,SpamShield 真实数据（CC-BY-4.0）
FR0693,"Les billets de Noël & Nouvel An sont maintenant en vente depuis le club, pendant la journée de 10h à 20h, et la nuit de Thurs, Fri & Sat cette semaine. Ils sont en vente rapide!",1,spam,SpamShield 真实数据（CC-BY-4.0）
FR0694,"Alors, tu travailles dans le nigpun des heures supplémentaires?",0,normal,SpamShield 真实数据（CC-BY-4.0）
FR0695,"Hauteur de confiance: Tous les professeurs d'aéronautique ont appelé &amp; ils ont demandé 2 assis dans un avion. Aftr ils se sont assis ils ont dit à dat l'avion ws fait par leurs étudiants. Dey tous précipités hors de l'avion.. Bt seulement 1 n'a pas bougé... Il a dit: ""Si c'est fait par mes étudiants, cela ne commencera même pas... Datz confiance...",0,normal,SpamShield 真实数据（CC-BY-4.0）
FR0696,Si vous textez sur votre chemin à l'arrêt de tasse qui devrait fonctionner. Et cela devrait être BUS,0,normal,SpamShield 真实数据（CC-BY-4.0）
FR0697,sonnerie 84484,1,spam,SpamShield 真实数据（CC-BY-4.0）
FR0698,"RAPPEL DE O2: Pour obtenir 2,50 livres de crédit d'appel gratuit et les détails des grandes offres pls réponse 2 ce texte avec votre nom valide, maison no et code postal",1,spam,SpamShield 真实数据（CC-BY-4.0）
FR0699,"Ils ont dit que si elle allait neiger, elle commencerait vers 20 ou 21 h. Ils prédisent un pouce d'accumulation.",0,normal,SpamShield 真实数据（CC-BY-4.0）
FR0700,"Fais-moi confiance, même si elle n'est pas là.",0,normal,SpamShield 真实数据（CC-BY-4.0）
FR0701,"Ouais vas-y alors, ennuyé et déprimé sittin attendre que le téléphone sonne... Espérons que le vent tombe, effrayant",0,normal,SpamShield 真实数据（CC-BY-4.0）
FR0702,Vous pouvez me retrouver au Sunoco sur Howard?,0,normal,SpamShield 真实数据（CC-BY-4.0）
FR0703,Wat est de ton côté.,0,normal,SpamShield 真实数据（CC-BY-4.0）
FR0704,"Vous avez gagné des tkts à l'EURO2004 CUP FINAL ou £800 CASH, pour collecter CALL 09058099801 b4190604, POBOX 7876150ppm",1,spam,SpamShield 真实数据（CC-BY-4.0）
FR0705,2marrow seulement. Wed à &lt;#&gt; à 2 aha.,0,normal,SpamShield 真实数据（CC-BY-4.0）
FR0706,"SPJanvier Male Sale! Hot Gay chat maintenant moins cher, appelez 08709222922. Tarif national de 1,5p/min pas cher à 7,8p/min pic! Pour arrêter les textes appelez 08712460324 (10p/min)",1,spam,SpamShield 真实数据（CC-BY-4.0）
FR0707,"Ils peuvent essayer! Ils peuvent se perdre, en fait.",0,normal,SpamShield 真实数据（CC-BY-4.0）
FR0708,"Dieu merci, ils sont au lit!",0,normal,SpamShield 真实数据（CC-BY-4.0）
FR0709,"Les photos les plus chaudes directement sur votre téléphone!! Voir moi obtenir humide et Wanting, juste pour vous xx Texte PICS à 89555 maintenant! txt coûte 150p textoperator g696ga 18 XxX",1,spam,SpamShield 真实数据（CC-BY-4.0）
FR0710,"Avait votre mobile 10 mths? Mettre à jour les derniers appareils photo/téléphones vidéo gratuitement. TENIR EN MÊME NUMÉRO, Obtenir des minutes/textes gratuits supplémentaires. Texte OUI pour un appel",1,spam,SpamShield 真实数据（CC-BY-4.0）
FR0711,"Tu es partout la saleté, sur le sol, les fenêtres, même sur ma chemise. Et parfois quand j'ouvre la bouche, tu es tout ce qui sort. Je rêve de mon monde sans toi, alors la moitié de mes tâches sont dehors aussi. Un temps de joie pour moi, beaucoup de télés que je vais voir. Mais je suppose que comme tout ce que tu dois juste exister, comme la pluie, la grêle et la brume, et quand mon temps ici est fini, toi et moi devenons un.",0,normal,SpamShield 真实数据（CC-BY-4.0）
FR0712,Je vais déjeuner 4 maintenant avec ma famille puis à l'arrière je vais str 2 verger lor.,0,normal,SpamShield 真实数据（CC-BY-4.0）
FR0713,"Pas de mec, ce n'est pas faux.. mes frnds ont de l'argent, thts y i'm reffering u..if u member wit my mail link, u vl be crédited &lt;#&gt; rs et il be getiing &lt;#&gt; rs..i peut dessiner mon acc wen c'est &lt;#&gt; rs..",0,normal,SpamShield 真实数据（CC-BY-4.0）
FR0714,"Je suis de retour, je sais quand tu es prête.",0,normal,SpamShield 真实数据（CC-BY-4.0）
FR0715,Quand est-ce que papa est revenu.,0,normal,SpamShield 真实数据（CC-BY-4.0）
FR0716,Est-ce que tu as eu cette histoire de personnes,0,normal,SpamShield 真实数据（CC-BY-4.0）
FR0717,PRIVÉ! Votre relevé de compte de 2003 pour les montants de 800 points non remboursés S. I. M. Appelez le 08718738002 Code d'identification: 48922 Expires 21/11/04,1,spam,SpamShield 真实数据（CC-BY-4.0）
FR0718,Rien de tout ça ne se passe jusqu'à ce que tu arrives ici.,0,normal,SpamShield 真实数据（CC-BY-4.0）
FR0719,"Pour votre chance de gagner 250 £ d'argent par wk TXT: ACTION à 80608. T's&C's www.movietrivia.tv custcare 08712405022, 1x150p/wk",1,spam,SpamShield 真实数据（CC-BY-4.0）
FR0720,Match started.india &lt;#&gt; pour 2,0,normal,SpamShield 真实数据（CC-BY-4.0）
FR0721,Yo nous regardons un film sur netflix,0,normal,SpamShield 真实数据（CC-BY-4.0）
FR0722,Bienvenue! Veuillez répondre avec votre AGE et GENDER pour commencer. p.ex. 24M,1,spam,SpamShield 真实数据（CC-BY-4.0）
FR0723,"Vous pouvez arrêter d'autres tonalités club en répondant à ""STOP MIX"" Voir my-tone.com/enjoy. html pour les termes. Tonalités club coût GBP4.50/semaine. MFL, PO Box 1146 MK45 2WT (2/3)",1,spam,SpamShield 真实数据（CC-BY-4.0）
FR0724,"YOU VE WON! Votre 4* Costa Del Sol Holiday or £5000 wait collection. Appelez 09050090044 Now toClaim. SAE, TC s, POBox334, Stockport, SK38xh, Cost£1.50/pm, Max10mins",1,spam,SpamShield 真实数据（CC-BY-4.0）
FR0725,URGENT! Nous essayons de contacter U. Todays draw montre que vous avez gagné un prix de £2000 GUARANTIEED. Appelez 09058094507 de la ligne terrestre. Réclamation 3030. Valable 12 heures seulement,1,spam,SpamShield 真实数据（CC-BY-4.0）
FR0726,"Le LAY MAN! Juste pour vous faire savoir qu'on vous a manqué et pensé. Passez une bonne journée. Et si vous pouvez m'envoyer les numéros de bimbo et d'ougo, mauvaise appréciation.",0,normal,SpamShield 真实数据（CC-BY-4.0）
FR0727,"44 7732584351, Voulez-vous un nouveau téléphone couleur Nokia 3510i LivréDemain? Avec 300 minutes gratuites pour tout mobile + 100 textes gratuits + réponse Caméscope gratuit ou appelez 08000930705.",1,spam,SpamShield 真实数据（CC-BY-4.0）
FR0728,"Merde c'est vraiment choquant et effrayant, ne peut pas imaginer une seconde. Défendez-vous pour la nuit dehors. Est-ce que vous pensez qu'il y a un endroit où je pourrais crasher pour la nuit, économiser au taxi?",0,normal,SpamShield 真实数据（CC-BY-4.0）
FR0729,Même chose que le rejet de kallis dans le 2e test :-).,0,normal,SpamShield 真实数据（CC-BY-4.0）
FR0730,Il n'est pas seul avec ma mère.,0,normal,SpamShield 真实数据（CC-BY-4.0）
FR0731,Un appareil photo numérique SiPix vous est attribué par téléphone au 09061221061. Livraison sous 28jours. Boîte T Cs177. M221BP. Garantie de 2 ans. 150ppm. 16. p£3.99,1,spam,SpamShield 真实数据（CC-BY-4.0）
FR0732,Dites-moi quand vous aurez l'argent pour que Carlos puisse passer l'appel.,0,normal,SpamShield 真实数据（CC-BY-4.0）
FR0733,"C'est fou qu'il soit marié. J'aime les mecs qui ne me regardent pas. J'ai l'impression de dire qu'il est la fauve de Korean Leona, mais je sais qu'il l'est.",0,normal,SpamShield 真实数据（CC-BY-4.0）
FR0734,"Je sais que vous pensez au paludisme, mais détendez-vous, les enfants ne peuvent pas gérer le paludisme. Elle aurait été pire et sa gastro-entérite. Si elle prend assez pour remplacer sa perte de temps va diminuer. Et si vous lui donnez des médicaments contre le paludisme maintenant elle va vomir.",0,normal,SpamShield 真实数据（CC-BY-4.0）
FR0735,Je vous souhaite une belle journée. Chaque moment révélant encore plus de choses pour vous garder souriant.,0,normal,SpamShield 真实数据（CC-BY-4.0）
FR0736,"Enchère 4. L'offre la plus élevée est maintenant £54. L'offre maximale suivante est £71. Pour soumissionner, envoyez BIDS par exemple 10 (pour soumissionner £10) à 83383. Bonne chance.",1,spam,SpamShield 真实数据（CC-BY-4.0）
FR0737,"Merci pour votre commande de sonnerie, numéro de référence X49.Votre mobile sera facturé 4.50. Si votre ton n'arrive pas, veuillez appeler le service clientèle 09065989182",1,spam,SpamShield 真实数据（CC-BY-4.0）
FR0738,Sunshine Quiz! Gagnez un super enregistreur de DVD Sony si vous pouvez nommer la capitale de l'Australie? Texte MQUIZ à 82277. B,1,spam,SpamShield 真实数据（CC-BY-4.0）
FR0739,Tu sais quand papa reviendra?,0,normal,SpamShield 真实数据（CC-BY-4.0）
FR0740,"En conséquence. Je répète, juste envoyer le mot ok sur votre téléphone mobile et envoyer",1,spam,SpamShield 真实数据（CC-BY-4.0）
FR0741,Yay ne peut pas attendre de faire la fête ensemble!,0,normal,SpamShield 真实数据（CC-BY-4.0）
FR0742,PRIVÉ! Votre relevé de compte 2003 pour les montants de 800 points S.I.M. non remboursés. Appelez le 08718738001 Code d'identification: 49557 Expire 26/11/04,1,spam,SpamShield 真实数据（CC-BY-4.0）
FR0743,Dites-moi si vous avez besoin d'autre chose. Salade ou désert ou quelque chose... combien de bières je vais avoir?,0,normal,SpamShield 真实数据（CC-BY-4.0）
FR0744,TBS/PERSOLVO. nous pourchassait depuis sept pour £38 certainement pas payer maintenant grâce à vos informations. Nous allons les ignorer. Kath. Manchester.,1,spam,SpamShield 真实数据（CC-BY-4.0）
FR0745,Update_Now - 12Mths Half Price Location de ligne orange: 400mins...Appeler MobileUpd8 au 08000839402 ou call2optout=J5Q,1,spam,SpamShield 真实数据（CC-BY-4.0）
FR0746,Acheté une sonnerie et maintenant obtenir des textes coûtant 3 livres offrant plus de tons etc,1,spam,SpamShield 真实数据（CC-BY-4.0）
FR0747,"Sunshine Quiz Wkly Q! Gagnez un meilleur lecteur de DVD Sony si vous savez quel pays Liverpool a joué en milieu de semaine? Txt ansr à 82277. £1,50 SP:Tyrone",1,spam,SpamShield 真实数据（CC-BY-4.0）
FR0748,* GRATUIT* RINGTONE POLYPHONIQUE Text SUPER à 87131 pour obtenir votre TONE POLY GRATUITE de la semaine maintenant! 16 SN PoBox202 NR31 7ZS abonnement 450pw,1,spam,SpamShield 真实数据（CC-BY-4.0）
FR0749,PRIVÉ! Votre relevé de compte de 2003 pour <fone no> indique 800 points S. I. M. non revus. Appelez le 08715203656 Code d'identification: 42049 Expire 26/10/04,1,spam,SpamShield 真实数据（CC-BY-4.0）
FR0750,Entrée GRATUITE dans notre comp hebdomadaire £250 il suffit d'envoyer le mot ENTER à 84128 MAINTENANT. 18 T&C www.textcomp.com cust care 08712405020.,1,spam,SpamShield 真实数据（CC-BY-4.0）
FR0751,A tout à l'heure.,0,normal,SpamShield 真实数据（CC-BY-4.0）
FR0752,J'ai besoin que tu sois dans mes bras forts...,0,normal,SpamShield 真实数据（CC-BY-4.0）
FR0753,J'ai juste besoin de 2 millions de dollars pour m'occuper de mon plus lourd 2 cum 2 moribonds Lekdog,0,normal,SpamShield 真实数据（CC-BY-4.0）
FR0754,"Vous êtes contacté par notre service de rencontres par quelqu'un que vous connaissez! Pour savoir qui c'est, appelez d'une ligne terrestre 09050000878. PoBox45W2TG150P",1,spam,SpamShield 真实数据（CC-BY-4.0）
FR0755,Tu peins toujours le mur de l'ur?,0,normal,SpamShield 真实数据（CC-BY-4.0）
FR0756,500 msgs texte gratuit. Il suffit de texte ok à 80488 et nous créditerons votre compte,1,spam,SpamShield 真实数据（CC-BY-4.0）
FR0757,Appelez FREEPHONE 0800 542 0578 maintenant!,1,spam,SpamShield 真实数据（CC-BY-4.0）
FR0758,"Je ne t'ai pas appelé depuis un moment. C'est en espérant que c'était la malaria et que tu sais que tu nous manques les gars. Bani grand me manque, alors pls lui donne mon amour particulièrement. Passez une bonne journée.",0,normal,SpamShield 真实数据（CC-BY-4.0）
FR0759,Veuillez appeler Amanda pour le renouvellement ou la mise à niveau de votre combiné T-Mobile actuel gratuitement. L'offre prend fin aujourd'hui. Tel 0845 021 3680 soumis à T's et C's,1,spam,SpamShield 真实数据（CC-BY-4.0）
FR0760,Et popping &lt;#&gt; ibuprofens n'a pas été d'aide.,0,normal,SpamShield 真实数据（CC-BY-4.0）
FR0761,Nous avons essayé de vous contacter re votre réponse à notre offre de Video Handset? 750 anytime any networks mins? ILLIMITED TEXTE? Caméscope? Répondre ou téléphoner 08000930705 MAINTENANT,1,spam,SpamShield 真实数据（CC-BY-4.0）
FR0762,Ur Ur Ur £500 garantie est toujours non réclamé! Appelez 09066368327 MAINTENANT date de clôture04/09/02 code de réclamation M39M51 £1.50pmplusdemobile2Bremooved-MobyPOBox734LS27YF,1,spam,SpamShield 真实数据（CC-BY-4.0）
FR0763,"SMSSERVICES. pour vos crédits texte inclus, pls goto www.comuk.net login= 3qxj9 désabonnement avec STOP, sans frais supplémentaires. help 08702840625.COMUK. 220-CM2 9AE",1,spam,SpamShield 真实数据（CC-BY-4.0）
FR0764,"Gr8 Poly tonalités 4 TOUTES les maghes directement 2 u rply avec POLY TITLE à 8007 eg POLY BREATHE1 Titres: CRAZYIN, SLEEPINGWITH, FINEST, YMCA:getzed.co.uk POBox365O4W45WQ 300p",1,spam,SpamShield 真实数据（CC-BY-4.0）
FR0765,Ü attends 4 moi dans le sch j'ai fini le 5ème.,0,normal,SpamShield 真实数据（CC-BY-4.0）
FR0766,Bonne chance! Tirage a lieu le 28 février 06. Bonne chance! Pour le retrait envoyer STOP à 87239 services à la clientèle 08708034412,1,spam,SpamShield 真实数据（CC-BY-4.0）
FR0767,"Pour votre chance de WIN un casque Bluetooth GRATUIT puis simplement répondre avec ""ADP""",1,spam,SpamShield 真实数据（CC-BY-4.0）
FR0768,"HOT LIVE FANTASIES appelez maintenant 08707509020 Juste 20p par min NTT Ltd, PO Box 1327 Croydon CR9 5WB 0870 est un appel à tarifs nationaux",1,spam,SpamShield 真实数据（CC-BY-4.0）
FR0769,Comment ton frère envoie son numéro à mon skype.,0,normal,SpamShield 真实数据（CC-BY-4.0）
FR0770,Cashbin.co.uk (Obtenez beaucoup d'argent ce week-end!) www.cashbin.co.uk Cher Bienvenue au week-end Nous avons obtenu notre plus grand et le meilleur JAMAIS donner en argent!! Ceux-ci..,1,spam,SpamShield 真实数据（CC-BY-4.0）
FR0771,PRIVÉ! Votre relevé de compte 2003 pour les chiffres de 800 points S. I. M. non remboursés. Appelez le 08719899230 Code d'identification: 41685 Expires 07/11/04,1,spam,SpamShield 真实数据（CC-BY-4.0）
FR0772,Dommage que je ne puisse pas le manger.,0,normal,SpamShield 真实数据（CC-BY-4.0）
FR0773,"Dis ça lentement.? Dieu, je t'aime &amp; J'ai besoin de toi, touche mon cœur avec ton sang.Envoye ça à dix personnes &amp; u c miracle demain, fais-le,pls,pls le font...",0,normal,SpamShield 真实数据（CC-BY-4.0）
FR0774,Euh si tôt.. Alors ü dîner à l'extérieur deizzit?,0,normal,SpamShield 真实数据（CC-BY-4.0）
FR0775,Txt: APPEL au n°: 86888 et réclamer votre récompense de 3 heures de conversation à utiliser depuis votre téléphone maintenant! S'abonner6GBP/mnth inc 3hrs 16 stop?txtStop www.gamb.tv,1,spam,SpamShield 真实数据（CC-BY-4.0）
FR0776,J'ai remarqué que tu aimes regarder dans le miroir de merde que tu te transformes en un vrai monstre,0,normal,SpamShield 真实数据（CC-BY-4.0）
FR0777,Tout ce qui est lor. Juz nous deux lor.,0,normal,SpamShield 真实数据（CC-BY-4.0）
FR0778,On a divorcé. Lol. Elle est là.,0,normal,SpamShield 真实数据（CC-BY-4.0）
FR0779,Qu'est-ce que tu fais plus tard?,0,normal,SpamShield 真实数据（CC-BY-4.0）
FR0780,Il me faut de l'herbe au chocolat et de l'alcool.,0,normal,SpamShield 真实数据（CC-BY-4.0）
FR0781,"Votre compte a été crédité de 500 messages texte GRATUIT. Pour activer, juste txt le mot: CREDIT au n°: 80488 T&Cs www.80488.biz",1,spam,SpamShield 真实数据（CC-BY-4.0）
FR0782,Afficher les couleurs! Euro 2004 2-4-1 Offrez-vous un drapeau d'Angleterre & 3Lions sur votre téléphone! Cliquez sur le message de service suivant pour plus d'informations!,1,spam,SpamShield 真实数据（CC-BY-4.0）
FR0783,"Je n'en suis pas encore sûr, j'essaie toujours de le joindre.",0,normal,SpamShield 真实数据（CC-BY-4.0）
FR0784,"Obtenez 3 Lions England ton, répondre lionm 4 mono ou lionp 4 poly. 4 plus go 2 www.ringtones.co.uk, le meilleur n original. Tones 3GBP tarifs d'opérateur de réseau s'appliquent.",1,spam,SpamShield 真实数据（CC-BY-4.0）
FR0785,"Magasiner jusqu'à u Drop, EST-CE VOUS, soit 10K, 5K, £500 Chèque de voyage en espèces ou £100, Appelez maintenant, 09064011000. NTT PO Box CR01327BT fixe coût 150ppm mobile varient",1,spam,SpamShield 真实数据（CC-BY-4.0）
FR0786,Freemsg: appels gratuits illimités d'un mois! Activez SmartCall Txt: Appel au n°: 68866. Subscriptn3gbp/wk appels illimités Aide: 08448714184 Arrêt?txt arrêt simple,1,spam,SpamShield 真实数据（CC-BY-4.0）
FR0787,goldviking (29/M) vous invite à être son ami. Réponse OUI-762 ou NO-762 Voir lui: www.SMS.ac/u/goldviking STOP? Envoyer STOP FRND au 62468,1,spam,SpamShield 真实数据（CC-BY-4.0）
FR0788,"Il a dit qu'il avait un bon rire quand il a vu u à nouveau! Vous seriez peut-être la première personne2die de NVQ, mais pensez à combien vous pourriez pour!",0,normal,SpamShield 真实数据（CC-BY-4.0）
FR0789,Merci pour vos souhaits.,0,normal,SpamShield 真实数据（CC-BY-4.0）
FR0790,"Elle répond, Boye a changé son numéro de téléphone.",0,normal,SpamShield 真实数据（CC-BY-4.0）
FR0791,Vous voulez rire? Essayez CHIT-CHAT sur votre mobile maintenant! Logon en txting le mot: CHAT et envoyez-le au n°: 8883 CM PO Box 4217 London W1A 6ZF 16+ 118p/msg rcvd,1,spam,SpamShield 真实数据（CC-BY-4.0）
FR0792,Eh bien évidemment pas parce que tous les gens dans ma vie d'université cool sont rentrés à la maison ;_;,0,normal,SpamShield 真实数据（CC-BY-4.0）
FR0793,Je pense que vous avez le mauvais numéro.,0,normal,SpamShield 真实数据（CC-BY-4.0）
FR0794,"Vous pouvez faire un don de 2,50 £ au Fonds asiatique de soutien aux catastrophes du tsunami de l'UNICEF en texto du DON à 864233.",1,spam,SpamShield 真实数据（CC-BY-4.0）
FR0795,Sur la route si cant txt,0,normal,SpamShield 真实数据（CC-BY-4.0）
FR0796,Appelez-le et dites-le maintenant devant eux.,0,normal,SpamShield 真实数据（CC-BY-4.0）
FR0797,Oi quand tu vas sonner,0,normal,SpamShield 真实数据（CC-BY-4.0）
FR0798,"Cher titulaire du bon, Pour réclamer cette offre de semaines, veuillez consulter le site Web de votre PC à l'adresse suivante : http://www.e-tlp.co.uk/reward.",1,spam,SpamShield 真实数据（CC-BY-4.0）
FR0799,Je cherche toujours une excuse pour être en ville.,0,normal,SpamShield 真实数据（CC-BY-4.0）
FR0800,Je travaille support technique :)processus de voix.,0,normal,SpamShield 真实数据（CC-BY-4.0）
FR0801,"Avez-vous eu votre contrat mobile 11 Mnths? Dernier Motorola, Nokia etc. tout GRATUIT! Double Mins & Texte sur les tarifs orange. TEXTE OUI pour rappel, non à supprimer des enregistrements",1,spam,SpamShield 真实数据（CC-BY-4.0）
FR0802,"On s'inquiète tous ici, Derek et Taylor ont déjà supposé le pire.",0,normal,SpamShield 真实数据（CC-BY-4.0）
FR0803,"Aujourd'hui, les numéros Voda se terminant par 5226 sont sélectionnés pour recevoir une récompense?350. Si vous avez une correspondance, veuillez composer le 08712300220 citant le code de réclamation 1131 taux standard app",1,spam,SpamShield 真实数据（CC-BY-4.0）
FR0804,S'il vous plaît APPELEZ 08712402578 immédiatement car il y a un message urgent vous attendant,1,spam,SpamShield 真实数据（CC-BY-4.0）
FR0805,Appelez l'Allemagne pour seulement 1 pence par minute! Appelez depuis une ligne fixe par le numéro d'accès 0844 861 85 85. Pas de prépaiement. Accès direct! www.telediscount.co.uk,1,spam,SpamShield 真实数据（CC-BY-4.0）
FR0806,Gratuit msg: Single? Trouvez un partenaire dans votre région! 1000s de personnes réelles attendent de discuter maintenant!Envoyez CHAT à 62220Cncl envoyer STOPCS 08717890890£1.50 par msg,1,spam,SpamShield 真实数据（CC-BY-4.0）
FR0807,"Les hommes ont toujours besoin d'une femme belle, intelligente, bienveillante, aimante, ajustable, coopérative. Mais la loi ne permet qu'une seule femme...",0,normal,SpamShield 真实数据（CC-BY-4.0）
FR0808,"FRAN J'ai DÉCIDE 2 JE VAIS JE VAIS BROQUER COMPLETEMENT UN KNACKERED JE VAIS BOUT 3 C U 2MRW LOVE JANX P.S C'EST MON DADS FONE, NON CRÉDIT",0,normal,SpamShield 真实数据（CC-BY-4.0）
FR0809,Tu viens juste de récupérer ma voiture.,0,normal,SpamShield 真实数据（CC-BY-4.0）
FR0810,"Bien joué! Votre 4* Costa Del Sol Holiday or £5000 wait collection. Appelez 09050090044 Now toClaim. SAE, TCs, POBox334, Stockport, SK38xh, Cost£1.50/pm, Max10mins",1,spam,SpamShield 真实数据（CC-BY-4.0）
FR0811,FreeMsg: Txt: CALL to No: 86888 & réclamer votre récompense de 3 heures de temps de conversation à utiliser depuis votre téléphone maintenant! S'abonner6GBP/mnth inc 3hrs 16 stop?txtStop,1,spam,SpamShield 真实数据（CC-BY-4.0）
FR0812,PRIVÉ! Votre relevé de compte de 2003 pour 07753741225 indique 800 points S. I. M. non revus. Appelez le 08715203677 Code d'identification: 42478 Expire le 24/10/04,1,spam,SpamShield 真实数据（CC-BY-4.0）
FR0813,"Cher Matthew s'il vous plaît appelez 09063440451 d'une ligne fixe, votre 4*Lux Tenerife vacances ou £1000 CASH attendre collection. ppm150 SAE T&Cs Box334 SK38XH.",1,spam,SpamShield 真实数据（CC-BY-4.0）
FR0814,"Je pense que tantrum est fini, alors oui, je serai là à un moment donné.",0,normal,SpamShield 真实数据（CC-BY-4.0）
FR0815,A vendre - arsenal fléchette. Bon état mais pas de doubles ou de triples!,1,spam,SpamShield 真实数据（CC-BY-4.0）
FR0816,Collectez votre week-end de VALENTINE à PARIS inc Flight & Hotel + £200 Prix garanti! Texte: PARIS to No: 69101. www.rtf.sphosting.com,1,spam,SpamShield 真实数据（CC-BY-4.0）
FR0817,2/2 146tf150p,1,spam,SpamShield 真实数据（CC-BY-4.0）
FR0818,", ow u dey.i payé 60.400thousad.i a dit que vous appelleriez.",0,normal,SpamShield 真实数据（CC-BY-4.0）
FR0819,"Je n'ai que 3 ans, mais jusqu'à 9 ans!",0,normal,SpamShield 真实数据（CC-BY-4.0）
FR0820,"Annonce de service à la clientèle. Nous avons récemment essayé de vous faire une livraison, mais n'avons pas été en mesure de le faire, s'il vous plaît appelez 07090298926 pour re-programmer. Ref:9307622",1,spam,SpamShield 真实数据（CC-BY-4.0）
FR0821,Tu vas passer l'examen de ccna cette semaine?,0,normal,SpamShield 真实数据（CC-BY-4.0）
FR0822,FreeMsg: Hey - I'm Buffy. 25 et aimer pour satisfaire les hommes. Accueil seul sentiment randy. Réponse 2 C mon PIX! QlynnBV Help08700621170150p a msg Envoyer arrêt pour arrêter txts,1,spam,SpamShield 真实数据（CC-BY-4.0）
FR0823,"Entrée gratuite au gr8prizes wkly comp 4 une chance de gagner le dernier Nokia 8800, PSP ou £250 cash chaque wk.TXT GREAT à 80878 http//www.gr8prizes.com 087157002",1,spam,SpamShield 真实数据（CC-BY-4.0）
FR0824,"Attends, tu sais si Wesley est en ville?",0,normal,SpamShield 真实数据（CC-BY-4.0）
FR0825,"Bears Pic Nick, et Tom, Pete et... Dick. En fait, tous les types d'essayer le chat gay avec le téléchargement de photo appeler 0871873066 (10p/min). 2 arrêts textes téléphone 08712460324",1,spam,SpamShield 真实数据（CC-BY-4.0）
FR0826,Fyi Je vais t'appeler sporadiquement en commençant comme &lt;#&gt; bc nous ne faisons pas dans cette merde,0,normal,SpamShield 真实数据（CC-BY-4.0）
FR0827,Entrée 1ère semaine gratuite 2 TEXTPOD 4 une chance 2 gagner 40 Go iPod ou £250 cash chaque wk. Txt VPOD à 81303 Ts&Cs www.textpod.net custcare 08712405020.,1,spam,SpamShield 真实数据（CC-BY-4.0）
FR0828,Yup i shd haf ard 10 pages si j'ajoute des chiffres... Ü tous ont eu combien de pages?,0,normal,SpamShield 真实数据（CC-BY-4.0）
FR0829,"J'avais espéré que je n'aurais pas à vous envoyer ce message. Mon loyer est dû et je n'ai pas assez pour lui. Mes réserves sont complètement partis. C'est un prêt que j'ai besoin et j'espérais que vous pourriez lui. Le solde est &lt;#&gt;. Est-il un moyen que je pourrais obtenir de vous, jusqu'à la mi-mars quand j'espère rembourser.",0,normal,SpamShield 真实数据（CC-BY-4.0）
FR0830,Gratuit téléphones-caméra avec linerental à partir de 4.49/mois avec 750 minutes cross ntwk. 1/2 prix txt forfait offres également avble. Appelez 08001950382 ou call2optout/J MF,1,spam,SpamShield 真实数据（CC-BY-4.0）
FR0831,Vous conduisez ou vous entraînez?,0,normal,SpamShield 真实数据（CC-BY-4.0）
FR0832,SMS SERVICES Pour vos crédits texte inclus pls getto www.comuk.net login 3qxj9 désabonnement avec STOP sans frais supplémentaires aide 08702840625 comuk.220cm2 9AE,1,spam,SpamShield 真实数据（CC-BY-4.0）
FR0833,Tu devrais avoir plus de bouillon de poulet si tu veux ramen à moins qu'il y en ait un que je ne connais pas.,0,normal,SpamShield 真实数据（CC-BY-4.0）
FR0834,Cette douleur n'aurait pas pu venir à un moment pire.,0,normal,SpamShield 真实数据（CC-BY-4.0）
FR0835,Vos crédits ont été complétés pour http://www.bubbletext.com Votre renouvellement Pin est tgxxrz,1,spam,SpamShield 真实数据（CC-BY-4.0）
FR0836,Caméra - Vous êtes récompensé d'un appareil photo numérique SiPix! appeler 09061221066 dem fixe. Livraison sous 28 jours,1,spam,SpamShield 真实数据（CC-BY-4.0）
FR0837,MESSAGE IMPORTANT. Il s'agit d'une dernière tentative de contact. Vous avez des messages importants en attente de nos réclamations clients dept. Expires 13/4/04. Appelez 08717507382 MAINTENANT!,1,spam,SpamShield 真实数据（CC-BY-4.0）
FR0838,"Je suis à l'intérieur du bureau, je remplis toujours des formulaires, je sais quand ils me quittent.",0,normal,SpamShield 真实数据（CC-BY-4.0）
FR0839,"Text RINGTONE GRATUIT FIRST to 87131 pour un poly ou un text GET to 87131 pour un vrai ton! Aide? 0845 2814032 16 after 1st free, tons are 3x£150pw to e£nd txt stop",1,spam,SpamShield 真实数据（CC-BY-4.0）
FR0840,"Comment est-il possible de t'apprendre, et où.",0,normal,SpamShield 真实数据（CC-BY-4.0）
FR0841,Unni merci cher pour la recharge..Rakhesh,0,normal,SpamShield 真实数据（CC-BY-4.0）
FR0842,Alerte e-mailde: Jeri StewartTaille: 2KBSubject: Low-cost prescripiton drvgsPour écouter l'appel e-mail 123,1,spam,SpamShield 真实数据（CC-BY-4.0）
FR0843,"Tu as été épuisé dans le train ce matin, trop de vin et de tarte, tu dors bien aussi.",0,normal,SpamShield 真实数据（CC-BY-4.0）
FR0844,"09066362231 URGENT! Votre mobile No 07xxxxxxx a remporté un prix d'appel bonus de £2,000 le 02/06/03! c'est la 2ème tentative pour vous joindre! appelez 09066362231 dès que possible!",1,spam,SpamShield 真实数据（CC-BY-4.0）
FR0845,Je voulais demander à ü d'attendre 4 moi pour terminer le lec. Parce que mon lec finit dans une heure de toute façon.,0,normal,SpamShield 真实数据（CC-BY-4.0）
FR0846,Great NEW Offer - DOUBLE Mins & DOUBLE Txt sur les meilleurs tarifs orange ET obtenir les derniers téléphones photo 4 GRATUIT! Appelez MobileUpd8 gratuitement sur 08000839402 MAINTENANT! ou 2stoptxt T&Cs,1,spam,SpamShield 真实数据（CC-BY-4.0）
FR0847,S'il vous plaît appeler notre représentant du service à la clientèle sur FREEPHONE 0808 145 4742 entre 9h-11h puisque vous avez WON une garantie £1000 cash ou £5000 prix!,1,spam,SpamShield 真实数据（CC-BY-4.0）
FR0848,"Vouloir faire monter l'ur fone avec une réponse hebdomadaire nouvelle tonalité TONES2U 2 ce texte. www.ringtones.co.uk, le meilleur n original. Tones 3GBP tarifs d'opérateur de réseau s'appliquent",1,spam,SpamShield 真实数据（CC-BY-4.0）
FR0849,"Bon sang, quelle douleur, je ferais mieux d'y aller.",0,normal,SpamShield 真实数据（CC-BY-4.0）
FR0850,Quand u aimer quelqu'un ne les fait pas aimer u autant que u faire. Mais aime-les tellement qu'ils ne veulent pas être aimés par quelqu'un sauf toi... Gud nit.,0,normal,SpamShield 真实数据（CC-BY-4.0）
FR0851,"Annonce de service à la clientèle. Nous avons récemment essayé de vous faire une livraison, mais n'avons pas été en mesure de le faire, s'il vous plaît appelez 07099833605 pour re-programmer. Ref:9280114",1,spam,SpamShield 真实数据（CC-BY-4.0）
FR0852,Vous voulez explicitement SEX en 30 secondes? Anneau 02073162414 maintenant! Coûts 20p/min Gsex POBOX 2667 WC1N 3XX,1,spam,SpamShield 真实数据（CC-BY-4.0）
FR0853,Jus ans me lar. U'll noe plus tard.,0,normal,SpamShield 真实数据（CC-BY-4.0）
FR0854,SplashMobile: Choisissez parmi 1000 de gr8 tons chaque wk! Il s'agit d'un service de subscrition avec des tons hebdomadaires coûtant 300p. U ont un crédit - coup de pied et ENJOY,1,spam,SpamShield 真实数据（CC-BY-4.0）
FR0855,Ou vous demandez à tous s'ils ne peuvent pas s'asseoir à côté. Si tous peuvent le faire alors je vais bien lor.,0,normal,SpamShield 真实数据（CC-BY-4.0）
FR0856,"SIX chances de gagner CASH! De 100 à 20 000 livres txt> CSH11 et envoyer à 87575. Coût 150p/jour, 6jours, 16+ TsandCs appliquer Répondre HL 4 info",1,spam,SpamShield 真实数据（CC-BY-4.0）
FR0857,"URGENT! Votre Mobile No. a reçu £2000 Bonus Caller Prize le 5/9/03 C'est notre dernière tentative de contacter U! Call from Landline 09064019788 BOX42WR29C, 150PPM",1,spam,SpamShield 真实数据（CC-BY-4.0）
FR0858,Wat rend certaines personnes plus chères n'est pas seulement de bonheur dat u feel quand vous les rencontrez mais de douleur u feel quand vous manquez de dem!!!,0,normal,SpamShield 真实数据（CC-BY-4.0）
FR0859,"Génial, tu penses qu'on peut avoir un 8ème à l'heure ce soir?",0,normal,SpamShield 真实数据（CC-BY-4.0）
FR0860,"Merci pour votre commande Ringtone, Référence T91. Vous serez facturé 4 GBP par semaine. Vous pouvez vous désinscrire à tout moment en appelant le service client au 09057039994",1,spam,SpamShield 真实数据（CC-BY-4.0）
FR0861,Désolé da quegam. C'est mon erreur.,0,normal,SpamShield 真实数据（CC-BY-4.0）
FR0862,"C'est bon, je t'en parlerai plus tard.",0,normal,SpamShield 真实数据（CC-BY-4.0）
FR0863,"Je l'ai vu, alors je devrais le choisir vendredi?",0,normal,SpamShield 真实数据（CC-BY-4.0）
FR0864,"Eh bien, je suis officiellement dans un trou philosophique, donc si tu veux m'appeler à la maison prêt à être sauvé!",0,normal,SpamShield 真实数据（CC-BY-4.0）
FR0865,Peux-tu faire une mag en rencontrant cet avo à un moment ou à un autre?,0,normal,SpamShield 真实数据（CC-BY-4.0）
FR0866,"Chance finale! Réclamez une valeur de £150 de bons de réduction aujourd'hui! Texte OUI à 85023 maintenant! SavaMob, membre offre mobile! T Cs SavaMob POBOX84, M263UZ. £3.00 Subs 16",1,spam,SpamShield 真实数据（CC-BY-4.0）
FR0867,Salut if ur lookin 4 saucy daytime fun wiv busty femme mariée Am gratuit toute la semaine prochaine Chat maintenant 2 temps de tri 09099726429 JANINExx Appels£1/minMobsmoreLKPOBOX177HP51FL,1,spam,SpamShield 真实数据（CC-BY-4.0）
FR0868,"Les gays affamés se sentent affamés et en hausse de 4, maintenant. Appelez 08718730555 juste 10p/min. Pour arrêter les messages appelez 08712460324 (10p/min)",1,spam,SpamShield 真实数据（CC-BY-4.0）
FR0869,"Dunno lei, je suis la mère paresseuse pour sortir, je ne lui demande pas encore...",0,normal,SpamShield 真实数据（CC-BY-4.0）
FR0870,L'alerte d'appel manquée. Ces numéros ont appelé mais n'ont laissé aucun message. 07008009200,1,spam,SpamShield 真实数据（CC-BY-4.0）
FR0871,Nous avons essayé de vous contacter re notre offre de New Video Phone 750 à tout moment any network mins HALF PRIX Caméscope de location au 08000930705 ou réponse à la livraison mer,1,spam,SpamShield 真实数据（CC-BY-4.0）
FR0872,"Merci, je vais garder ça à l'esprit.",0,normal,SpamShield 真实数据（CC-BY-4.0）
FR0873,INFORMATION IMPORTANTE 4 UTILISATEUR ORANGE 0796XXXXXX. AUJOURD'HUI C'EST AU JOUR LUCKY!2 POURQUOI CONNEXION?http://www.urawinner.com Y A-T-IL UNE PRIZE FANTASTIQUE?,1,spam,SpamShield 真实数据（CC-BY-4.0）
FR0874,Femmes de la région mariées à la recherche d'action discrète maintenant! 5 vrais matches instantanément à votre téléphone. Texte MATCH to 69969 Msg cost 150p 2 stop txt stop BCMSFWC1N3XX,1,spam,SpamShield 真实数据（CC-BY-4.0）
FR0875,Voulez-vous un nouveau combiné vidéo? 750 anytime any network mins? Half Price Line Rental? Caméscope? Répondre ou appeler 08000930705 pour la livraison demain,1,spam,SpamShield 真实数据（CC-BY-4.0）
FR0876,"5 Free Top Polyphonic Tones appelez le 087018728737, National Rate. Obtenez un toppoly air envoyé chaque semaine, juste texte SUBPOLY à 81618, £3 par pole. UnSub 08718727870.",1,spam,SpamShield 真实数据（CC-BY-4.0）
FR0877,"SMS. ac Blind Date 4U!: Rodds1 est 21/m d'Aberdeen, Royaume-Uni. Consultez-le http://img. sms. ac/W/icmb3cktz8r7!-4 no Blind Dates envoyer HIDE",1,spam,SpamShield 真实数据（CC-BY-4.0）
FR0878,Gratuit pour la 1ère semaine! No1 Nokia tone 4 ur mobile chaque semaine juste txt NOKIA à 8077 Obtenez txting et dites à vos partenaires. www.getzed.co.uk POBox 36504 W45WQ 16+ norm150p/tone,1,spam,SpamShield 真实数据（CC-BY-4.0）
FR0879,Moby Pub Quiz.Gagnez un prix de £100 High Street si vous savez qui sera la nouvelle duchesse de Cornwall? Txt son prénom à 82277.unsub STOP £1.50 008704050406 SP Arrow,1,spam,SpamShield 真实数据（CC-BY-4.0）
FR0880,"Au fait, assurez-vous que vous obtenez train à worc rue foregate pas arbustif colline. Amusez-vous nuit x",0,normal,SpamShield 真实数据（CC-BY-4.0）
FR0881,Warner Village 83118 C Colin Farrell in SWAT this wkend @Warner Village & get 1 free med. Popcorn!Il suffit de montrer msg+ticket@kiosk.Valid 4-7/12. C t&c @kiosk. Répondre SONY 4 mre film offers,1,spam,SpamShield 真实数据（CC-BY-4.0）
FR0882,U les gars ne m'invitent jamais nulle part :(,0,normal,SpamShield 真实数据（CC-BY-4.0）
FR0883,L'email de Wat?,0,normal,SpamShield 真实数据（CC-BY-4.0）
FR0884,Ne le pense pas. Il s'éteint comme au hasard dans les 5 min de l'ouverture.,0,normal,SpamShield 真实数据（CC-BY-4.0）
FR0885,Appelez 09095350301 et envoyez nos filles dans l'extase érotique. Seulement 60p/min. Pour arrêter les textes appelez 08712460324 (nat rate),1,spam,SpamShield 真实数据（CC-BY-4.0）
FR0886,"Non, merci, vous avez été merveilleux.",0,normal,SpamShield 真实数据（CC-BY-4.0）
FR0887,"Merci pour votre commande de sonnerie, réf numéro R836. Votre mobile sera facturé £4.50. Si votre ton n'arrive pas, veuillez appeler le service client au 09065069154",1,spam,SpamShield 真实数据（CC-BY-4.0）
FR0888,"Vous pourriez vouloir sortir plus juste au cas où et juste prévoir de ne pas le dépenser si vous le pouvez, je n'ai pas beaucoup de confiance dans la gestion de l'argent de Derek et de Taylor",0,normal,SpamShield 真实数据（CC-BY-4.0）
FR0889,Dites à mon mauvais personnage que u Dnt lik en moi. Je vais essayer de changer dans &lt;#&gt;. J'ajouterai tat 2 ma nouvelle résolution d'année. En attendant votre réponse. Soyez franc... bonjour.,0,normal,SpamShield 真实数据（CC-BY-4.0）
FR0890,Vous êtes un gagnant U ont été spécialement sélectionnés 2 recevoir £1000 cash ou un 4* vacances (vols inc) parler à un opérateur en direct 2 réclamation 0871277810810,1,spam,SpamShield 真实数据（CC-BY-4.0）
FR0891,"Pour votre chance de gagner £250 cash chaque wk TXT: PLAY à 83370. T's&C's www.music-trivia.net custcare 08715705022, 1x150p/wk.",1,spam,SpamShield 真实数据（CC-BY-4.0）
FR0892,"Comme dans le couple missionnaire, le chien s'accroche, se tient debout...",0,normal,SpamShield 真实数据（CC-BY-4.0）
FR0893,"Vous êtes un gagnant de £1000 ou Prix d'Appel Garanti, c'est notre dernière tentative de vous contacter! Pour demander un appel 09071517866 Maintenant! 150ppmPOBox10183BhamB64XE",1,spam,SpamShield 真实数据（CC-BY-4.0）
FR0894,"Bonjour, puis-je s'il vous plaît obtenir un prêt de &lt;#&gt; dollar de vous. Je vous rembourserai à la mi-février. Pls.",0,normal,SpamShield 真实数据（CC-BY-4.0）
FR0895,"Elle est limite, mais oui, peu importe.",0,normal,SpamShield 真实数据（CC-BY-4.0）
FR0896,1000's of girls many local 2 u who r virgins 2 this & r ready 2 4fil ur all sexual need. Can u 4fil theirs? text CUTE to 69911(£1.50p. m),1,spam,SpamShield 真实数据（CC-BY-4.0）
FR0897,GRAND ALERTE BROTHER! L'ordinateur a sélectionné u pour 10k cash ou #150 bon. Appelez le 09064018838. NTT PO Box CRO1327 18+ BT Terrain Coût 150ppm mobiles varient,1,spam,SpamShield 真实数据（CC-BY-4.0）
FR0898,"Je suis tellement amoureux de toi, je suis excitée chaque jour que je passe avec toi, tu me rends si heureuse.",0,normal,SpamShield 真实数据（CC-BY-4.0）
FR0899,"Maintenant, j'ai encore des franges...",0,normal,SpamShield 真实数据（CC-BY-4.0）
FR0900,Vous avez 1 nouveau message. S'il vous plaît appelez 087152525273,1,spam,SpamShield 真实数据（CC-BY-4.0）
FR0901,thesmszone.com vous permet d'envoyer gratuitement des messages anonymes et masqués..im envoyant ce message de là.. voyez-vous le potentiel d'abus??,1,spam,SpamShield 真实数据（CC-BY-4.0）
FR0902,Lyricalladie(21/F) vous invite à être son ami. Réponse OUI-910 ou NO-910. Voir elle: www.SMS.ac/u/hhross STOP? Envoyer STOP FRND à 62468,1,spam,SpamShield 真实数据（CC-BY-4.0）
FR0903,Je suis 6 pieds. Nous serons une bonne combinaison!,0,normal,SpamShield 真实数据（CC-BY-4.0）
FR0904,"Non, laissez-moi faire les maths.",0,normal,SpamShield 真实数据（CC-BY-4.0）
FR0905,Tracez également tous les briquets que vous pouvez trouver,0,normal,SpamShield 真实数据（CC-BY-4.0）
FR0906,"Aucune idée, je suppose qu'on va s'arranger une heure après qu'on soit censés partir puisque comme d'habitude personne n'a d'intérêt à trouver de la merde avant la dernière seconde.",0,normal,SpamShield 真实数据（CC-BY-4.0）
FR0907,U have=t m'a perdu malade toujours b ici 4u.i n'avait pas l'intention 2 mal u mais je n'ai jamais su ce que u ressentait à mon sujet quand I was+marine&that=est ce qu'il s'agissait2tel urmom.i soin de u,0,normal,SpamShield 真实数据（CC-BY-4.0）
FR0908,Vous êtes un grand modèle. Vous donnez tellement et je souhaite vraiment chaque jour pour un miracle mais Dieu comme une raison pour tout et je dois dire que j'aimerais savoir pourquoi mais je ne sais pas. J'ai regardé vers vous depuis que j'étais jeune et je le fais toujours.,0,normal,SpamShield 真实数据（CC-BY-4.0）
FR0909,"K va faire, addie &amp; Je fais un peu d'art donc je serai ici quand tu rentreras à la maison",0,normal,SpamShield 真实数据（CC-BY-4.0）
FR0910,"Bonsoir Monsieur, j'espère que vous passez une belle journée. Je voulais vous faire remarquer que j'ai été en retard dans le paiement du loyer depuis quelques mois et que j'ai dû payer une charge $ &lt;#&gt;. J'ai pensé qu'il serait inconsidéré de me ronger à propos de quelque chose que vous donnez à grand prix à vous-même et c'est pourquoi je n'ai pas parlé. Je suis cependant en récession et ne serai pas en mesure de payer la charge ce mois-ci d'où ma peau bien avant la fin du mois. Pouvez-vous s'il vous plaît aider. Merci pour tout.",0,normal,SpamShield 真实数据（CC-BY-4.0）
FR0911,U ont un admirateur secret qui cherche 2 faire contact avec U-find qui ils R*revel qui pense UR si spécial-appel sur 09058094599,1,spam,SpamShield 真实数据（CC-BY-4.0）
FR0912,Texte PASS à 69669 pour collecter vos sonneries polyphoniques. Les frais de gprs normaux s'appliquent uniquement.,1,spam,SpamShield 真实数据（CC-BY-4.0）
FR0913,Désolé d'avoir pris dix ans pour me doucher.,0,normal,SpamShield 真实数据（CC-BY-4.0）
FR0914,Double Mins & Double Txt & 1/2 prix Linerental sur les derniers mobiles Bluetooth Orange. Appelez MobileUpd8 pour les dernières offres. 08000839402 ou call2optout/LF56,1,spam,SpamShield 真实数据（CC-BY-4.0）
FR0915,Si quelqu'un appelle pour un tapis roulant dire que vous l'achetez. Assurez-vous de son fonctionnement. J'ai trouvé une annonce sur Craigslist vendant pour $ &lt;#&gt;.,0,normal,SpamShield 真实数据（CC-BY-4.0）
FR0916,"Tu ne rentres pas entre les cours, j'ai besoin de m'entraîner et de prendre une douche!",0,normal,SpamShield 真实数据（CC-BY-4.0）
FR0917,"Je suis en cours, tu as reçu mon texto.",0,normal,SpamShield 真实数据（CC-BY-4.0）
FR0918,Mais j'ai eu la leçon à 4 lei n j'étais en train de penser à aller à sch plus tôt n i tot de parkin à kent vale...,0,normal,SpamShield 真实数据（CC-BY-4.0）
FR0919,Je voudrais vous dire mes fantasmes les plus sombres. Appelez-moi 09094646631 seulement 60p/min. Pour arrêter les textos appelez 08712460324 (nat rate),1,spam,SpamShield 真实数据（CC-BY-4.0）
FR0920,"Carlos a pris un moment (encore une fois), nous partons dans une minute",0,normal,SpamShield 真实数据（CC-BY-4.0）
FR0921,Txt POD à 80182 pour obtenir l'entrée (td txt taux) T&C's appliquer 08452810073 pour les détails 18+,1,spam,SpamShield 真实数据（CC-BY-4.0）
FR0922,C'est un site pour simuler le test. Il vous donne juste des questions très difficiles pour tester votre état de préparation.,0,normal,SpamShield 真实数据（CC-BY-4.0）
FR0923,Tone Club: Votre subs a maintenant expiré 2 re-sub reply MONOC 4 monos ou POLYC 4 polys 1 hebdomadaire @ 150p par semaine Txt STOP 2 stop This msg free Stream 0871212025016,1,spam,SpamShield 真实数据（CC-BY-4.0）
FR0924,3 MOBILE SELON 0870 CHATLINES COMPRISES DANS LES MINES LIBREES. INDIA CUST SERVS SED YES. L8ER GOT MEGA BILL. 3 DONT GIV A SHIT. BAILIFF DUE EN JOURS.,1,spam,SpamShield 真实数据（CC-BY-4.0）
FR0925,Cher U've a été invité à XCHAT. C'est notre dernière tentative de contacter u! Txt CHAT à 86688,1,spam,SpamShield 真实数据（CC-BY-4.0）
FR0926,PRIVÉ! Votre relevé de compte 2003 pour les chiffres de 800 points S. I. M. non revus. Appelez le 08715203694 Code d'identification: 40533 Expire 31/10/04,1,spam,SpamShield 真实数据（CC-BY-4.0）
FR0927,Entrée gratuite dans 2 un comp hebdomadaire pour une chance de gagner un ipod. Txt POD à 80182 pour obtenir l'entrée (std txt taux) T&C's appliquer 08452810073 pour les détails 18+,1,spam,SpamShield 真实数据（CC-BY-4.0）
FR0928,"Bonsoir, c'est Roger.",0,normal,SpamShield 真实数据（CC-BY-4.0）
FR0929,"Kay s'est assis, n'est-ce pas?",0,normal,SpamShield 真实数据（CC-BY-4.0）
FR0930,Comme l'un de nos abonnés enregistrés u peut entrer le tirage 4 un chèque cadeau 100 G.B. en répondant avec ENTER. Pour désinscrire le texte STOP,1,spam,SpamShield 真实数据（CC-BY-4.0）
FR0931,"L'abonnement Ur TONEXS a été renouvelé et vous avez été facturé 4,50 £. Vous pouvez choisir 10 polys de plus ce mois-ci. www.clubzed.co.uk *BILLING MSG*",1,spam,SpamShield 真实数据（CC-BY-4.0）
FR0932,Votre compte 2004 pour 07XXXXXXXXX montre 786 points non remboursés. Pour demander l'appel 08719181259 Code d'identification: XXXXX Expire 26.03.05,1,spam,SpamShield 真实数据（CC-BY-4.0）
FR0933,Je lécherai chaque goutte :) êtes-vous prêt à utiliser votre bouche aussi?,0,normal,SpamShield 真实数据（CC-BY-4.0）
FR0934,Pensez que vous avez envoyé le texte au téléphone de la maison. Cela ne peut pas afficher des textes. Si vous voulez encore l'envoyer son numéro est,0,normal,SpamShield 真实数据（CC-BY-4.0）
FR0935,"Mayb peut essayer la zone 1, mais a oublié le nom de l'hôtel...",0,normal,SpamShield 真实数据（CC-BY-4.0）
FR0936,Salut bébé im assis dans le bus sanglant à la mo et je ne serai pas à la maison jusqu'à environ 7:30 vouloir faire quelque chose plus tard? appelez-moi plus tard orgxt retour jess xx,0,normal,SpamShield 真实数据（CC-BY-4.0）
FR0937,Okie... Thanx...,0,normal,SpamShield 真实数据（CC-BY-4.0）
FR0938,U ont gagné un nokia 6230 plus un appareil photo numérique gratuit. C'est ce que vous obtenez lorsque vous gagnez notre vente aux enchères GRATUITE. Pour participer envoyez NOKIA à 83383 maintenant.,1,spam,SpamShield 真实数据（CC-BY-4.0）
FR0939,Salut mon darlin im sur mon chemin à Londres et nous venons d'être écrasés par un autre conducteur! et ont une grosse bosse! im vraiment manquant u ce que u a été jusqu'à? xxx,0,normal,SpamShield 真实数据（CC-BY-4.0）
FR0940,"U can WIN £100 of Music Gift Bonkers chaque semaine à partir de MAINTENANT Txt le mot DRAW à 87066 TsCs www.ldew.com SkillGame,1Winaweek, age16.150ppermessAbonnement",1,spam,SpamShield 真实数据（CC-BY-4.0）
FR0941,Je suis occupé alors je vais déranger ü.,0,normal,SpamShield 真实数据（CC-BY-4.0）
FR0942,"Vous avez oublié que vous travailliez aujourd'hui! Vous voulez discuter, mais les choses vont bien alors déposez-moi un texto lorsque vous êtes libre / ennuyé etc et je vais sonner.",0,normal,SpamShield 真实数据（CC-BY-4.0）
FR0943,Urgent! téléphonez au 09066350750 de votre ligne fixe. Votre 4* Ibiza Vacances ou 10 000 espèces en attente de la collecte SAE T&Cs PO BOX 434 SK3 8WP 150 ppm 18+,1,spam,SpamShield 真实数据（CC-BY-4.0）
FR0944,Tu ne peux pas essayer une nouvelle invention pour voler.. Je ne plaisante pas.,0,normal,SpamShield 真实数据（CC-BY-4.0）
FR0945,C'est un monstre! J'espère que vous passerez une bonne journée.,0,normal,SpamShield 真实数据（CC-BY-4.0）
FR0946,&lt;#&gt; est-ce que je pense? Doit dire sur le syllabus,0,normal,SpamShield 真实数据（CC-BY-4.0）
FR0947,Entrée 1ère semaine gratuite 2 TEXTPOD 4 une chance 2 gagner 40 Go iPod ou £250 cash chaque wk. Txt POD à 84128 Ts&Cs www.textpod.net custcare 08712405020.,1,spam,SpamShield 真实数据（CC-BY-4.0）
FR0948,J'attends 4 ü à l'intérieur du parking...,0,normal,SpamShield 真实数据（CC-BY-4.0）
FR0949,Gr8 nouveau service - le chat vidéo de sexe en direct sur votre mafia - voir les filles les plus sales et sexy en direct sur ur téléphone - 4 détails texte excité à 89070 pour annuler envoyer STOP à 89070,1,spam,SpamShield 真实数据（CC-BY-4.0）
FR0950,"Ce qui est pire, un mec qui veut toujours faire la fête ou un mec qui dépose plainte sur les trois toxicomanes avec qui il vit.",0,normal,SpamShield 真实数据（CC-BY-4.0）
FR0951,Je ne sais pas exactement si tu peux demander à Chechi.,0,normal,SpamShield 真实数据（CC-BY-4.0）
FR0952,"Ne te tiens pas pour fermer, tu vas attraper quelque chose!",0,normal,SpamShield 真实数据（CC-BY-4.0）
FR0953,Vous n'avez pas besoin de sortir si tard le soir de l'école. ESPÉCIALEMENT quand le cours que vous avez est celui que vous avez manqué mercredi dernier et probablement échoué un test en vendredi,0,normal,SpamShield 真实数据（CC-BY-4.0）
FR0954,De retour en brum! Merci de nous avoir mis en place et de nous garder tous et heureux. A bientôt,0,normal,SpamShield 真实数据（CC-BY-4.0）
FR0955,"Est-ce que la carrière de votre partenaire de rêve sera bientôt terminée? 2 découvriront gratuitement, txt HORO suivi d'un signe de l'étoile, par exemple HORO ARIES",1,spam,SpamShield 真实数据（CC-BY-4.0）
FR0956,Désolé! U ne peut pas encore se désabonner. The MOB offre package has a min term of 54 weeks> pls resoumettre la demande après expiration. Répondre THEMOB HELP 4 more info,1,spam,SpamShield 真实数据（CC-BY-4.0）
FR0957,Nous avons essayé de vous contacter re votre réponse à notre offre de Video Phone 750 à tout moment any network mins Half Price Line Rental Camcorder Répondre ou appeler 08000930705,1,spam,SpamShield 真实数据（CC-BY-4.0）
FR0958,U ont un amiral secret qui cherche 2 faire contact avec U-find qui ils R*revel qui pense UR si spécial-appel sur 09065171142-stopsms-08,1,spam,SpamShield 真实数据（CC-BY-4.0）
FR0959,"Haha... où est devenu si rapide perdre du poids, thk muz aller 4 par mois den a eu un effet... Gee, plus tard nous allons aust mettre bk e poids.",0,normal,SpamShield 真实数据（CC-BY-4.0）
FR0960,RECPT 1/3. Vous avez commandé une sonnerie. Votre commande est en cours de traitement...,1,spam,SpamShield 真实数据（CC-BY-4.0）
FR0961,Rejoignez le service Dogging le plus excité du Royaume-Uni et u peut avoir sexe 2nite!. Il suffit de s'inscrire et de suivre les instructions. Txt ENTRÉE à 69888 maintenant! Nyt.EC2A.3LP.msg@150p,1,spam,SpamShield 真实数据（CC-BY-4.0）
FR0962,"En fin de marche, je devrais être prêt, mais je t'appellerai pour sûr. Le problème est que ma capitale n'est jamais complète.",0,normal,SpamShield 真实数据（CC-BY-4.0）
FR0963,Je ne pouvais pas dire non car c'est un homme mourant et je me sens triste pour lui alors je vais y aller et je voulais juste que tu saches que je serais probablement allé tard dans ta nuit,0,normal,SpamShield 真实数据（CC-BY-4.0）
FR0964,Avec le salaire de. seulement &lt;#&gt;.,0,normal,SpamShield 真实数据（CC-BY-4.0）
FR0965,"Vous êtes garanti le dernier Nokia Phone, un lecteur MP3 iPod 40 Go ou un prix £500! Txt mot: COLLECT to No: 83355! IBHltd LdnW15H 150p/Mtmsgrcvd18",1,spam,SpamShield 真实数据（CC-BY-4.0）
FR0966,"Je vais jeter un oeil à la poêle au cas où elle serait bon marché ou un livre peut-être. Non, c'est idiot une poêle n'est pas susceptible d'être un livre.",0,normal,SpamShield 真实数据（CC-BY-4.0）
FR0967,"Obtenez un nouveau téléphone portable en étant un agent de The Mob! Plus charge plus de goodies! Pour plus d'informations, text MAT to 87021.",1,spam,SpamShield 真实数据（CC-BY-4.0）
FR0968,Mangez jap fait oso aft ur lect... Ü a obtenu lect à 12 rite...,0,normal,SpamShield 真实数据（CC-BY-4.0）
FR0969,Est-ce que U peut obtenir 2 téléphone MAINTENANT? Je veux discuter 2 set up me rencontrer Appelez-moi MAINTENANT sur 09096102316 U peut cum ici 2moro Luv JANE xx Appels£1/minmoremobsEMSPOBox45PO139WA,1,spam,SpamShield 真实数据（CC-BY-4.0）
FR0970,"Twinks, ours, pétoncles, peaux et jocks appellent maintenant. Ne manquez pas le plaisir du week-end. Appelez le 08712466669 à 10p/min. 2 messages d'arrêt appelez le 08712460324(nat rate)",1,spam,SpamShield 真实数据（CC-BY-4.0）
FR0971,Vous n'avez pas reçu d'immunisation de l'hépatite B en nigère.,0,normal,SpamShield 真实数据（CC-BY-4.0）
FR0972,Horrible bf... j'ai faim maintenant...,0,normal,SpamShield 真实数据（CC-BY-4.0）
FR0973,Pas de da.. Vijay va parler à la télévision jaya,0,normal,SpamShield 真实数据（CC-BY-4.0）
FR0974,YO YO YO BYO BYATCH WHASSUP?,0,normal,SpamShield 真实数据（CC-BY-4.0）
FR0975,"Papa, shu shu a l'air de 4 u... tu veux que je lui dise que tu n'es pas en singapour ou en wat?",0,normal,SpamShield 真实数据（CC-BY-4.0）
FR0976,Elle s'est synchronisée avec Shangela.,0,normal,SpamShield 真实数据（CC-BY-4.0）
FR0977,Avons-nous de l'électricité de rechange?,0,normal,SpamShield 真实数据（CC-BY-4.0）
FR0978,Tu peux te rappeler des choses dont tu veux te souvenir plus tard.,0,normal,SpamShield 真实数据（CC-BY-4.0）
FR0979,Slaaaave! Où es-tu? Dois-je t'invoquer tout le temps maintenant? Ne veux-tu plus venir me voir seule?,0,normal,SpamShield 真实数据（CC-BY-4.0）
FR0980,Cher titulaire du bon d'achat 2 demander vos laissez-passer de 1ère classe aéroport lors de l'utilisation de votre bon de vacances composez le 08704439680.,1,spam,SpamShield 真实数据（CC-BY-4.0）
FR0981,Comment s'est passée ta journée?,0,normal,SpamShield 真实数据（CC-BY-4.0）
FR0982,Oui..il est vraiment super..bhaji a dit kallis meilleur cricketer après sachin dans le monde:).très difficile de sortir.,0,normal,SpamShield 真实数据（CC-BY-4.0）
FR0983,"Bonjour, joyeux anniversaire.",0,normal,SpamShield 真实数据（CC-BY-4.0）
FR0984,XMAS iscoming & ur reçoit soit £500 chèques-cadeaux CD & entrée gratuite 2 r £100 tirage hebdomadaire txt MUSIC à 87066 TnC www.Ldew.com1win150ppmx3age16abonnement,1,spam,SpamShield 真实数据（CC-BY-4.0）
FR0985,Qui dit bonjour à notre drogué?,0,normal,SpamShield 真实数据（CC-BY-4.0）
FR0986,Urgent Veuillez appeler le 09066612661 de la ligne fixe. £5000 cash or a luxury 4* Canary Islands Holiday attend collection. T&Cs SAE award. 20M12AQ. 150ppm. 16+,1,spam,SpamShield 真实数据（CC-BY-4.0）
FR0987,"En tant que client apprécié, je suis heureux de vous informer qu'à la suite d'un récent examen de votre Mob No. vous êtes récompensé avec un Prix Bonus £1500, appelez 09066368470",1,spam,SpamShield 真实数据（CC-BY-4.0）
FR0988,J'ai juste vérifié sur vous. Ne manquez pas de voir Jeremiah.,0,normal,SpamShield 真实数据（CC-BY-4.0）
FR0989,"Rassemblons notre argent et achetons un tas de billets de loto. Si nous gagnons, j'obtiens &lt;#&gt; % u get &lt;#&gt; %. Deal?",0,normal,SpamShield 真实数据（CC-BY-4.0）
FR0990,"J'ai presque atteint l'appel, je suis incapable de connecter u.",0,normal,SpamShield 真实数据（CC-BY-4.0）
FR0991,"Bonjour, 2 nuits ur nuit chance! Uve a été invité 2 XCHAT, le chat Uks wildest! Txt CHAT à 86688 maintenant! 150p/MsgrcvdHG/Suite342/2Lands/Row/W1J6HL LDN 18ans",1,spam,SpamShield 真实数据（CC-BY-4.0）
FR0992,Vous voulez SEX explicite en 30 secondes? Anneau 02073162414 maintenant! Coûts 20p/min,1,spam,SpamShield 真实数据（CC-BY-4.0）
FR0993,Bonjour. Offre de fidélité à la clientèle:Le nouveau Nokia6650 Mobile à partir de SEULEMENT £10 chez TXTAUCTION! Txt mot: START to No: 81151 & get yours Now! 4T&Ctxt TC 150p/MTmsg,1,spam,SpamShield 真实数据（CC-BY-4.0）
FR0994,"Oui, princesse, Tolède.",0,normal,SpamShield 真实数据（CC-BY-4.0）
FR0995,"URGENT! Le tirage du week-end dernier montre que vous avez gagné £1000 cash ou des vacances espagnoles! APPELEZ MAINTENANT 09050000332 à réclamer. T&C: RSTM, SW7 3SS. 150ppm",1,spam,SpamShield 真实数据（CC-BY-4.0）
FR0996,"Sunshine Hols. Pour réclamer des vacances ur med envoyer une enveloppe d'auto-adresse estampillée à Drinks on Us UK, PO Box 113, Bray, Wicklow, Eire. Quiz commence samedi! Unsub Stop",1,spam,SpamShield 真实数据（CC-BY-4.0）
FR0997,"J'étudie, tout va bien avec moi! Je ne suis pas sûr que la chose sera résolue, quoi qu'il en soit.",0,normal,SpamShield 真实数据（CC-BY-4.0）
FR0998,Tomarrow audition finale sur mon ordinateur portable donc je ne peux pas.,0,normal,SpamShield 真实数据（CC-BY-4.0）
FR0999,"Vous avez 1 nouveau message vocal, s'il vous plaît appelez le 08719181513.",1,spam,SpamShield 真实数据（CC-BY-4.0）
FR1000,Vous recevrez bientôt la sonnerie Triple Echo de cette semaine. Profitez-en!,1,spam,SpamShield 真实数据（CC-BY-4.0）
FR1001,Bonjour Cher Appelez-moi son urgnt. Je ne sais pas quel est votre problème. Vous ne voulez pas travailler ou si vous avez un autre problème au moins me dire. Wating pour votre réponse.,0,normal,SpamShield 真实数据（CC-BY-4.0）
FR1002,"Oui, je me réfère à l'ex wat de mei... non, attends 4 u pour traiter, quelqu'un shld b riche liao... donc gd, den u dun doivent travailler à partir de frm tmr...",0,normal,SpamShield 真实数据（CC-BY-4.0）
FR1003,"Oui, j'élabore sur les aspects de sécurité et d'autres questions.",0,normal,SpamShield 真实数据（CC-BY-4.0）
FR1004,Lolnice. Je suis passé d'un poisson à..l'eau.?,0,normal,SpamShield 真实数据（CC-BY-4.0）
FR1005,"449050000301 Vous avez gagné un prix de £2.000! Pour réclamer, composez le 09050000301.",1,spam,SpamShield 真实数据（CC-BY-4.0）
FR1006,Tu fais quoi?,0,normal,SpamShield 真实数据（CC-BY-4.0）
FR1007,"Urgent! appelez le 09066612661 de la ligne fixe. Votre complément 4* Tenerife Holiday ou £10,000 en espèces attendent la collection SAE T&Cs PO Box 3 WA14 2PX 150ppm 18+ expéditeur: Hol Offre",1,spam,SpamShield 真实数据（CC-BY-4.0）
FR1008,"Text82228>> Obtenez d'autres sonneries, logos et jeux à partir de www.txt82228.com. Questions: info@txt82228.co.uk",1,spam,SpamShield 真实数据（CC-BY-4.0）
FR1009,Obtenir un lecteur vidéo mobile gratuit Film gratuit. Pour collecter du texte Aller à 89105. Son gratuit! Des films supplémentaires peuvent être commandés t's et c's appliquer. 18 ans seulement,1,spam,SpamShield 真实数据（CC-BY-4.0）
FR1010,Je dois retourner au sd de La. J'ai mal au cul.,0,normal,SpamShield 真实数据（CC-BY-4.0）
FR1011,Êtes-vous assez unique? Découvrez à partir du 30 août. www.areyouunique.co.uk,1,spam,SpamShield 真实数据（CC-BY-4.0）
FR1012,"Vous recevrez votre ton dans les prochaines 24 heures. Pour les Conditions générales, veuillez consulter Channel U Teletext Pg 750",1,spam,SpamShield 真实数据（CC-BY-4.0）
FR1013,Je n'essaie pas de trouver toutes les vraies photos que tu as prises.,0,normal,SpamShield 真实数据（CC-BY-4.0）
FR1014,"S'il vous plaît, laissez ce sujet..désolé d'avoir dit ça..",0,normal,SpamShield 真实数据（CC-BY-4.0）
FR1015,Pls dit à Nelson que les bb ne sont plus dans le comin. L'argent que j'attendais d'aint à venir,0,normal,SpamShield 真实数据（CC-BY-4.0）
FR1016,T'essaies de me faire me jeter d'une falaise ou quoi?,0,normal,SpamShield 真实数据（CC-BY-4.0）
FR1017,Salut. Je suis toujours en ligne sur Yahoo et j'aimerais discuter avec vous un jour,0,normal,SpamShield 真实数据（CC-BY-4.0）
FR1018,Si vous r @ à la maison puis descendre dans les 5 min,0,normal,SpamShield 真实数据（CC-BY-4.0）
FR1019,Tout ce que le lor... U décidera...,0,normal,SpamShield 真实数据（CC-BY-4.0）
FR1020,"Félicitations! Merci à un bon ami U ont WON le prix £2.000 Xmas. 2 réclamation est facile, il suffit de téléphoner 08718726978 MAINTENANT! Seulement 10p par minute. BT-national-tarif",1,spam,SpamShield 真实数据（CC-BY-4.0）
FR1021,"Une brise fraîche... Un soleil éclatant... Une fleur fraîche... Des oiseaux Twitter... Tous ceux qui attendent pour souhaiter u: ""GOODMORNING &amp; AVEZ UN JOUR NICE"" :)",0,normal,SpamShield 真实数据（CC-BY-4.0）
FR1022,"MESSAGE GRATUIT Activez vos 500 messages texte GRATUITS en répondant à ce message avec le mot GRATUIT Pour connaître les conditions générales, visitez www.07781482378.com",1,spam,SpamShield 真实数据（CC-BY-4.0）
FR1023,Où es-tu? Qu'est-ce que tu fais? Yuou travaille sur l'obtention du PC chez ta mère? Tu as trouvé un endroit où ça marcherait? J'ai besoin de toi,0,normal,SpamShield 真实数据（CC-BY-4.0）
FR1024,"C'est la 2ème fois que nous avons essayé 2 contact u. U ont gagné le prix 750 Pound. 2 réclamation est facile, appelez 08718726970 MAINTENANT! Seulement 10p par min. BT-national-rate",1,spam,SpamShield 真实数据（CC-BY-4.0）
FR1025,Gratuit pour la 1ère semaine! No1 Nokia tone 4 ur maf chaque semaine juste txt NOKIA à 8007 Get txting and tell ur mates www.getzed.co.uk POBox 36504 W45WQ norm150p/tone 16+,1,spam,SpamShield 真实数据（CC-BY-4.0）
FR1026,"J'ai adoré te réveiller ce matin! Tu me manques aussi, mon Amour. J'espère que ta journée va bien et que tu es heureuse. J'attends que nous soyons à nouveau ensemble.",0,normal,SpamShield 真实数据（CC-BY-4.0）
FR1027,Non..il s'est joint aujourd'hui lui-même.,0,normal,SpamShield 真实数据（CC-BY-4.0）
FR1028,Pendant ce temps dans la suite de merde: xavier a décidé de nous donner &lt;#&gt; secondes d'avertissement que Samantha était venu et joue de la guitare de Jay pour l'impressionner ou quelque merde. Aussi je ne pense pas que Doug réalise que je ne vis plus ici,0,normal,SpamShield 真实数据（CC-BY-4.0）
FR1029,"Chère, Regret i cudnt cueil call.drive down frm ctla now at cochin home.left mobile in car..ente style ishtamayoo?happy bakrid!",0,normal,SpamShield 真实数据（CC-BY-4.0）
FR1030,"Je pense que j'attends le même bus! Informez-moi quand vous y arrivez, si jamais vous y arrivez.",0,normal,SpamShield 真实数据（CC-BY-4.0）
FR1031,Offre de fidélité à la clientèle:Le nouveau Nokia6650 Mobile à partir de SEULEMENT £10 chez TXTAUCTION! Txt mot: START to No: 81151 & get yours Now! 4T&Ctxt TC 150p/MTmsg,1,spam,SpamShield 真实数据（CC-BY-4.0）
FR1032,Un lien vers votre photo a été envoyé. Vous pouvez également utiliser http://alto18.co.uk/wave/wave.asp?o=44345,1,spam,SpamShield 真实数据（CC-BY-4.0）
FR1033,Lol ils étaient en colère au début mais ensuite ils se réveillèrent et abandonnèrent.,0,normal,SpamShield 真实数据（CC-BY-4.0）
FR1034,Vous êtes déchiré! Obtenez votre contenu mobile à partir de www.clubmoby.com composez le 08717509990 poly/true/Pix/Ringtones/Games six téléchargements pour seulement 3,1,spam,SpamShield 真实数据（CC-BY-4.0）
FR1035,"Très bien, nous allons vous l'apporter, à vous dans comme &lt;#&gt; mins",0,normal,SpamShield 真实数据（CC-BY-4.0）
FR1036,"Vous avez été spécialement sélectionné pour recevoir un prix ""3000! Appelez le 08712402050 AVANT la fermeture des lignes. Coût 10ppm. 16+. Les T&C s'appliquent. AG Promo",1,spam,SpamShield 真实数据（CC-BY-4.0）
FR1037,"C'est bon, la morphine.",0,normal,SpamShield 真实数据（CC-BY-4.0）
FR1038,Tu n'as pas encore fini le travail?,0,normal,SpamShield 真实数据（CC-BY-4.0）
FR1039,Bloomberg -Centre de message +447797706009 Pourquoi attendre? Faites votre demande pour votre futur http://careers. bloomberg.com,1,spam,SpamShield 真实数据（CC-BY-4.0）
FR1040,"Monsieur, j'ai été en retard dans le paiement du loyer depuis quelques mois et j'ai dû payer une charge $ &lt;#&gt;. J'ai senti qu'il serait inconsidéré de me plaindre de quelque chose que vous donnez à grand prix à vous-même et c'est pourquoi je n'ai pas parlé. Cependant, je suis dans une récession et ne sera pas en mesure de payer la charge ce mois-ci d'où mon askin bien avant la fin du mois. Pouvez-vous s'il vous plaît aider. Merci",0,normal,SpamShield 真实数据（CC-BY-4.0）
FR1041,"Salut bébé sa Jordanie, comment r u? Im maison de l'étranger et solitaire, text me retour si vous voulez chat xxSP visionsms.com Text stop to stopCost 150p 08712400603",1,spam,SpamShield 真实数据（CC-BY-4.0）
FR1042,"Ok, prends soin de toi alors...",0,normal,SpamShield 真实数据（CC-BY-4.0）
FR1043,"Vos tons Cool-Mob hebdomadaires sont prêts à être téléchargés!Cette semaine, les nouveaux tons incluent : 1) Crazy Frog-AXEL F>> 2) Akon-Lonely>>> 3) Black Eyed-Dont P >>>Plus d'informations en n",1,spam,SpamShield 真实数据（CC-BY-4.0）
FR1044,Je ne veux rien entendre.,0,normal,SpamShield 真实数据（CC-BY-4.0）
FR1045,dit le &lt;#&gt; agé d'un an avec un homme et de l'argent. Je suis à mon dernier &lt;#&gt;. attendant toujours ce chèque.,0,normal,SpamShield 真实数据（CC-BY-4.0）
FR1046,PRIVÉ! Votre relevé de compte 2004 pour 078498****7 indique 786 points bonus non remboursés. Pour demander un appel 08719180219 Code d'identification: 45239 Expire 06.05.05,1,spam,SpamShield 真实数据（CC-BY-4.0）
FR1047,"En tant qu'abonné optin enregistré, un chèque-cadeau de 4 £100 sera inscrit dès réception d'une réponse correcte à 80062 Whats No1 dans les graphiques de la BBC",1,spam,SpamShield 真实数据（CC-BY-4.0）
FR1048,"Quand je suis né, Dieu a dit, ""Oh non, un autre IDIOT"". Quand vous êtes né, Dieu a dit, ""Oh non, COMPÉTITION"". Qui a su, un jour ces deux-là deviendront des FREINS pour toujours!",0,normal,SpamShield 真实数据（CC-BY-4.0）
FR1049,"Try SPEEDCHAT, txt SPEEDCHAT à 80155, si vous n'aimez pas em txt SWAP et obtenir un nouveau bavardage! Chat80155 POBox36504W45WQ 150p/msg rcd 16",1,spam,SpamShield 真实数据（CC-BY-4.0）
FR1050,J'arriverai dans 20 minutes.,0,normal,SpamShield 真实数据（CC-BY-4.0）
FR1051,Téléphones vidéo gratuits avec ligne de Half Price location pour 12 mths et 500 minutes de cross ntwk 100 txts. Appelez MobileUpd8 08001950382 ou Call2Out/674&,1,spam,SpamShield 真实数据（CC-BY-4.0）
FR1052,PRIVÉ! Votre relevé de compte 2003 pour les chiffres de 800 points S.I.M. non revus. Appelez le 08715203685 Code d'identification:4xx26 Expire 13/10/04,1,spam,SpamShield 真实数据（CC-BY-4.0）
FR1053,"WINNER! En tant que client de réseau apprécié, vous avez été sélectionné pour recevoir une récompense de £900! Pour collecter l'appel 09061701444. Valable 24 heures seulement. ACL03530150PM",1,spam,SpamShield 真实数据（CC-BY-4.0）
FR1054,"Notre mère Prasanth ettans est décédée hier soir, priez pour elle et sa famille.",0,normal,SpamShield 真实数据（CC-BY-4.0）
FR1055,Voulez-vous un nouveau téléphone vidéo750 à tout moment any network mins 150 text pour seulement cinq livres par semaine appelez 08000776320 maintenant ou répondez à la livraison demain,1,spam,SpamShield 真实数据（CC-BY-4.0）
FR1056,Faites-nous faire du shopping et Mark distrairea Isaiah.=D,0,normal,SpamShield 真实数据（CC-BY-4.0）
FR1057,"Oncle Abbey, bonne année.",0,normal,SpamShield 真实数据（CC-BY-4.0）
FR1058,Tu manques aussi.Pray inshah allah,0,normal,SpamShield 真实数据（CC-BY-4.0）
FR1059,FreeMsg>FAV XMAS TONES!Répondre RÉEL,1,spam,SpamShield 真实数据（CC-BY-4.0）
FR1060,Je sais que les filles sont toujours en sécurité et égoïstes.,0,normal,SpamShield 真实数据（CC-BY-4.0）
FR1061,Lol wtf aléatoire. Btw est que votre pause déjeuner,0,normal,SpamShield 真实数据（CC-BY-4.0）
FR1062,83039 62735=£450 UK Break AccommodationLes conditions générales des bons d'hébergement s'appliquent.,1,spam,SpamShield 真实数据（CC-BY-4.0）
FR1063,Dernière chance 2 demander une valeur de £150 de bons de réduction-Texte OUI à 85023 maintenant!SavaMob-member offre mobile T Cs 08717898035. £3.00 Sub. 16. Supprimer txt X ou STOP,1,spam,SpamShield 真实数据（CC-BY-4.0）
FR1064,GSOH? Bon avec SPAM les dames?U pourrait b un gigolo masculin? 2 rejoindre la plus forte croissance du club masculin réponse ONCALL. mjzgroup. 08714342399.2stop réponse STOP. msg@£1.50rcvd,1,spam,SpamShield 真实数据（CC-BY-4.0）
FR1065,"Boooo, tu travailles toujours.",0,normal,SpamShield 真实数据（CC-BY-4.0）
FR1066,"Je vais dîner, après.",0,normal,SpamShield 真实数据（CC-BY-4.0）
FR1067,Ces chinchillas de canard,0,normal,SpamShield 真实数据（CC-BY-4.0）
FR1068,"Jus dit u dat i'll b en laissant 4 shanghai sur 21e à la place, donc nous allons avoir plus de temps 2 se retrouver cya...",0,normal,SpamShield 真实数据（CC-BY-4.0）
FR1069,GRATUIT HARDCORE NON LIMITED PORN direct 2 votre mobile Txt PORN à 69200 et obtenir un accès GRATUIT pour 24 heures puis chrgd@50p par jour txt Stop 2exit. Ce msg est gratuit,1,spam,SpamShield 真实数据（CC-BY-4.0）
FR1070,"J'ai été libéré, je pense que tu pourrais m'envoyer un texto à l'adresse de Blake? Il me semble que je ne suis pas aussi sûr de ce que je fais que je pensais que j'étais",0,normal,SpamShield 真实数据（CC-BY-4.0）
FR1071,Mes frais de scolarité sont à 330. Hm nous allons pour le 1120 à 1205 un?,0,normal,SpamShield 真实数据（CC-BY-4.0）
FR1072,Est-ce que ü tous les wan 2 se rencontrent n combinent toutes les pièces? Comment va le reste du projet?,0,normal,SpamShield 真实数据（CC-BY-4.0）
FR1073,"J'ai envoyé mes scores à Sophas et j'ai dû faire une application secondaire pour quelques écoles. Je pense que si vous pensez à postuler, faites une recherche sur le coût aussi.",0,normal,SpamShield 真实数据（CC-BY-4.0）
FR1074,"Thanx 4 le temps que nous avons passé 2geva, sa menthe bin! Ur mon bébé et tout ce que je veux c'est u!xxxx",0,normal,SpamShield 真实数据（CC-BY-4.0）
FR1075,Vous avez 1 nouveau message. Appelez 0207-083-6089,1,spam,SpamShield 真实数据（CC-BY-4.0）
FR1076,WIN a £200 Shopping spree chaque SEMAINE À partir DE MAINTENANT. 2 play text STORE to 88039. SkilGme. TsCs08714740323 1Winawk! age16 £1.50parweeksub.,1,spam,SpamShield 真实数据（CC-BY-4.0）
FR1077,u r un gagnant U ave a été spécialement sélectionné 2 recevoir £1000 cash ou un 4* vacances (vols inc) parler à un opérateur en direct 2 réclamation 0871277810710p/min (18 ),1,spam,SpamShield 真实数据（CC-BY-4.0）
FR1078,Urgent! S'il vous plaît appelez 09061213237 à partir de la ligne fixe. £ 5000 cash ou un luxe 4* Îles Canaries Vacances attendent la collection. T&Cs SAE PO Box 177. M227XY. 150ppm. 16+,1,spam,SpamShield 真实数据（CC-BY-4.0）
FR1079,"SMS. ac sun0819 posts HELLO:""Vous semblez cool, a voulu dire bonjour. HI!!!"" Arrêt? Envoyer STOP à 62468",1,spam,SpamShield 真实数据（CC-BY-4.0）
FR1080,Nous avons essayé de vous appeler re votre réponse à nos sms pour une vidéo mobile 750 minutes UNLIMITED TEXTE + caméscope gratuit Réponse de l'appel 08000930705 Maintenant,1,spam,SpamShield 真实数据（CC-BY-4.0）
FR1081,J'espère que l'asus ppl ne fera pas de reformatage au hasard.,0,normal,SpamShield 真实数据（CC-BY-4.0）
FR1082,FREEMSG: Nos dossiers indiquent que vous pouvez avoir droit à 3750 livres pour l'accident que vous avez eu. Pour demander une réponse gratuite avec OUI à ce msg. Pour refuser le texte STOP,1,spam,SpamShield 真实数据（CC-BY-4.0）
FR1083,"Je pense que je vais devoir lui donner une Miss. J'enseigne jusqu'à douze, puis j'ai une conférence à deux.",0,normal,SpamShield 真实数据（CC-BY-4.0）
FR1084,Bonjour mon petit animal de fête! Je pensais juste que je te bourdonnerais comme tu étais avec tes amis...*grins*... te rappeler que tu étais aimé et envoyer un baiser coquin,0,normal,SpamShield 真实数据（CC-BY-4.0）
FR1085,Je ne vais rien faire de bien. Au revoir.,0,normal,SpamShield 真实数据（CC-BY-4.0）
FR1086,"Heureux que ça se soit bien passé :) venez à 11h, puis nous aurons beaucoup de temps avant que Claire aille au travail.",0,normal,SpamShield 真实数据（CC-BY-4.0）
FR1087,Peut-être?! Dites bonjour à et de savoir si a obtenu sa carte. Grande évasion ou wetherspoons?,0,normal,SpamShield 真实数据（CC-BY-4.0）
FR1088,Je suis rentré.,0,normal,SpamShield 真实数据（CC-BY-4.0）
FR1089,"Cher Dave, voici votre dernier avis pour récupérer votre prix 4* Tenerife Holiday ou #5000 CASH! Appelez le 09061743806 de la ligne fixe. TCs SAE Box326 CW25WX 150ppm",1,spam,SpamShield 真实数据（CC-BY-4.0）
FR1090,Préparez-vous à être appréciés :),0,normal,SpamShield 真实数据（CC-BY-4.0）
FR1091,"En tant qu'abonné SIM, vous êtes sélectionné pour recevoir un Bonus! Obtenez-le livré à votre porte, Txt le mot OK to No: 88600 à réclamer. 150p/msg, EXP. 30Apr",1,spam,SpamShield 真实数据（CC-BY-4.0）
FR1092,Comment se trouve la rue où se trouve la fin de la promenade de la bibliothèque?,0,normal,SpamShield 真实数据（CC-BY-4.0）
FR1093,Yup he msg me: c'est tat yijue? Alors c'est mon pote de groupe parce que nous nous réunissons aujourd'hui mah... J'ai envie de partir si ü part plus tôt ou wat mah cos mayb ü haf à marcher v loin...,0,normal,SpamShield 真实数据（CC-BY-4.0）
FR1094,Nt encore chikku..simple habba..hw abt u?,0,normal,SpamShield 真实数据（CC-BY-4.0）
FR1095,"0A$NETWORKS permettent aux entreprises de facturer pour SMS, donc ils sont responsables de leurs ""fournisseurs"", tout comme un magasin doit donner une garantie sur ce qu'ils vendent. B. G.",1,spam,SpamShield 真实数据（CC-BY-4.0）
FR1096,Am new 2 club & dont fink nous avons rencontré encore Will B gr8 2 C U S'il vous plaît laisser msg 2day wiv ur area 09099726553 réponse promis CARLIE x Appels£1/minMobsmore LKPOBOX177HP51FL,1,spam,SpamShield 真实数据（CC-BY-4.0）
FR1097,"Hey hey were the monkeespeople dit que nous montons! Howdy Gorgeous, Howu doin? Foundsurtelf une sauvegarde jobyet?LOVE JEN XXX",0,normal,SpamShield 真实数据（CC-BY-4.0）
FR1098,Marvel Mobile Jouer le jeu officiel Ultimate Spider-man (£4.50) sur votre mobile en ce moment. Texte SPIDER à 83338 pour le jeu et nous allons envoyer u un fond d'écran gratuit 8Ball,1,spam,SpamShield 真实数据（CC-BY-4.0）
FR1099,"Ouais, c'est ce que je pensais, je sais si quelque chose se passe plus tard.",0,normal,SpamShield 真实数据（CC-BY-4.0）
FR1100,Salut. Qu'est-ce que tu penses de l'allumette?,0,normal,SpamShield 真实数据（CC-BY-4.0）
FR1101,"Je ne l'ai pas envoyé, il peut m'envoyer.",0,normal,SpamShield 真实数据（CC-BY-4.0）
FR1102,"Ce que je veux dire, c'est qu'ils viennent te chasser quand c'est fini ou qu'il est dit que tu peux regarder autant de films que tu veux.",0,normal,SpamShield 真实数据（CC-BY-4.0）
FR1103,Je crois que je lui ai dit.,0,normal,SpamShield 真实数据（CC-BY-4.0）
FR1104,Nokia téléphone est aimable..,0,normal,SpamShield 真实数据（CC-BY-4.0）
FR1105,"Oui, j'ai fini de regarder les jours de notre vie.",0,normal,SpamShield 真实数据（CC-BY-4.0）
FR1106,"URGENT! Votre mobile No 07xxxxxxx a remporté un prix d'appel bonus de £2,000 le 02/06/03! c'est la 2ème tentative pour vous joindre! appelez 09066362231 dès que possible! BOX97N7QP, 150PPM",1,spam,SpamShield 真实数据（CC-BY-4.0）
FR1107,nous avons essayé de vous contacter re votre réponse à notre offre d'un nouveau fone nokia et caméscope réponse ou appelez 08000930705 pour la livraison,1,spam,SpamShield 真实数据（CC-BY-4.0）
FR1108,Messe-moi quand rajini viendra.,0,normal,SpamShield 真实数据（CC-BY-4.0）
FR1109,"INFORMATIONS URGENTES ET IMPORTANTES POUR L'UTILISATEUR D'O2. AUJOURD'HUI, C'EST VOTRE JOUR LUTTE! 2 RENDEZ-VOUS POURQUOI CONNEXION À HTTP://WWW.URAWINNER.COM Y A-T-IL UNE SURPRISE FANTASTIQUE?",1,spam,SpamShield 真实数据（CC-BY-4.0）
FR1110,"De cette façon, le transport est moins problématique que sur le sat night. D'ailleurs, si vous voulez demander à n de rejoindre mon bday, n'hésitez pas.",0,normal,SpamShield 真实数据（CC-BY-4.0）
FR1111,"Pourquoi guoyang ne lui a-t-il pas dit, alors tu lui as dit?",0,normal,SpamShield 真实数据（CC-BY-4.0）
FR1112,"Bon voyage, dites-moi si vous avez besoin des reçus.",0,normal,SpamShield 真实数据（CC-BY-4.0）
FR1113,Avait votre mobile 10 mths? Mettre à jour les derniers appareils photo/vidéo Orange gratuitement. Enregistrer £s avec des SMS gratuits / appels week-end. Texte OUI pour un rappel ou non de refuser,1,spam,SpamShield 真实数据（CC-BY-4.0）
FR1114,08714712388 entre 10h et 19h Coût 10p,1,spam,SpamShield 真实数据（CC-BY-4.0）
FR1115,Sexy Célibataires vous attendent! Text votre AGE suivi de votre GENDER comme avec M ou F E.G.23F. Pour les hommes gay text votre AGE suivi d'un G. par exemple.23G.,1,spam,SpamShield 真实数据（CC-BY-4.0）
FR1116,"3 TEXTES DE TAROT GRATUITS! Découvrez votre vie d'amour maintenant! Essayez 3 GRATUITEMENT! Texte CHANCE à 85555 16 seulement! Après 3 Gratuit, Msgs 1,50 € chacun",1,spam,SpamShield 真实数据（CC-BY-4.0）
FR1117,Venez à l'arrêt de bus mahal.. &lt;DECIMAL&gt;,0,normal,SpamShield 真实数据（CC-BY-4.0）
FR1118,No 1 POLYPHONIQUE ton 4 ur maf chaque semaine! Juste txt PT2 à 87575. 1ère tonalité GRATUITE! alors obtenez txtin maintenant et dites à vos amis. 150p/ton. 16 reply HL 4info,1,spam,SpamShield 真实数据（CC-BY-4.0）
FR1119,"Gratuit 4 STAR Ibiza Holiday ou £10,000 cash a besoin de votre collection URGENT. 09066364349 MAINTENANT de Landline à ne pas perdre! Box434SK38WP150PPM18+",1,spam,SpamShield 真实数据（CC-BY-4.0）
FR1120,"Oui, on ne partirait pas pendant une heure au moins, comment ça va?",0,normal,SpamShield 真实数据（CC-BY-4.0）
FR1121,"Félicitations, vous avez gagné. Vous êtes un gagnant dans notre tirage au sort du prix Août £1000. Appelez 09066660100 MAINTENANT. Prix Code 2309.",1,spam,SpamShield 真实数据（CC-BY-4.0）
FR1122,"Quelqu'un U know a demandé à notre service de rencontres 2 vous contacter! Cant Devinez qui? APPELER 09058097189 MAINTENANT tout sera révélé. POBox 6, LS15HB 150p",1,spam,SpamShield 真实数据（CC-BY-4.0）
FR1123,CHEFS POUR L'APPEL DE BABE.SOZI CULDNT TALKBUT Je veux vous dire qu'il y a plus tard WENWECAN CHAT PROPERLY X,0,normal,SpamShield 真实数据（CC-BY-4.0）
FR1124,"Merci pour le conseil, bonne nuit, je vais essayer de dormir...",0,normal,SpamShield 真实数据（CC-BY-4.0）
FR1125,Je suis au bureau maintenant da :) Où es-tu?,0,normal,SpamShield 真实数据（CC-BY-4.0）
FR1126,PRIVÉ! Votre relevé de compte 2003 pour les chiffres de 800 points S. I. M. non revus. Appelez le 08715203652 Code d'identification: 42810 Expire 29/10/0,1,spam,SpamShield 真实数据（CC-BY-4.0）
FR1127,Mobile Club: Choisissez l'un des articles de première qualité pour votre mobile. 7cfca1a,1,spam,SpamShield 真实数据（CC-BY-4.0）
FR1128,"Nous connaissons quelqu'un que vous savez qui vous aime. Appelez le 09058097218 pour savoir qui. POBox 6, LS15HB 150p",1,spam,SpamShield 真实数据（CC-BY-4.0）
FR1129,Je fais des trucs au sch.,0,normal,SpamShield 真实数据（CC-BY-4.0）
FR1130,C'est dur de croire des choses comme ça. Tout peut dire mentir mais réfléchir à deux fois avant de me dire quoi que ce soit.,0,normal,SpamShield 真实数据（CC-BY-4.0）
FR1131,"Bonjour, c'est Mandy Sullivan appelant de HOTMIX FM... vous êtes choisi pour recevoir £5000.00 dans notre tirage au sort du Prix de Pâques.....Veuillez téléphoner au 09041940223 pour réclamer avant le 29/03/05 ou votre prix sera transféré à quelqu'un d'autre....",1,spam,SpamShield 真实数据（CC-BY-4.0）
FR1132,K...k... Quand allez-vous donner du gâterie?,0,normal,SpamShield 真实数据（CC-BY-4.0）
FR1133,"Ouais, où est ton cours?",0,normal,SpamShield 真实数据（CC-BY-4.0）
FR1134,Rien de lor... un peu ennuyé aussi... puis tu rentres chez toi tôt 2 jours de sommeil aujourd'hui...,0,normal,SpamShield 真实数据（CC-BY-4.0）
FR1135,"SMS SERVICES. pour vos crédits texte inclus, pls goto www.comuk.net login= 3qxj9 désabonnement avec STOP, sans frais supplémentaires. help 08702840625.COMUK. 220-CM2 9AE",1,spam,SpamShield 真实数据（CC-BY-4.0）
FR1136,Dois-je dire à mon ami de ne pas venir autour jusqu'à comme &lt;#&gt; ish?,0,normal,SpamShield 真实数据（CC-BY-4.0）
FR1137,"Nous avons actuellement un message en attente de votre collecte. Pour collecter votre message, appelez le 08718723815.",1,spam,SpamShield 真实数据（CC-BY-4.0）
FR1138,"Mon amie, elle étudie à Warwick, nous avons prévu d'aller faire du shopping et de concerter tmw, mais ça peut être annulé, sans être vu depuis des siècles, ouais on devrait se voir un jour!",0,normal,SpamShield 真实数据（CC-BY-4.0）
FR1139,<Forwarded from 88877>L'entrée FREE dans notre comp hebdomadaire £250 vient d'envoyer le mot ENTER à 88877 MAINTENANT. 18 T&C www.textcomp.com,1,spam,SpamShield 真实数据（CC-BY-4.0）
FR1140,Free>Ringtone! Répondre REAL ou POLY par exemple REAL1 1. PushButton 2. DontCha 3. BabyBoodbye 4. GoldDigger 5. WeBeBurnin 1er ton GRATUIT et 6 plus quand u se joignent pour £3/wk,1,spam,SpamShield 真实数据（CC-BY-4.0）
FR1141,Félicitations pour 500 bons CD ou 125 cadeaux garantis & Entrée gratuite 2 100 wkly dessiner txt MUSIC à 87066 TnCs www.Ldew.com1win150ppmx3age16,1,spam,SpamShield 真实数据（CC-BY-4.0）
FR1142,"""Hey Babe!"" FAR 2 SPUN-OUT 2 SPK AU DA MO... 2 DA WRLD. J'ai dormi sur le DA SOFA toute la journée, j'ai eu un COOL NYTHO, TX 4 FONIN HON, J'appelle 2 MWEN IM BK FRMCLOUD 9! J X",0,normal,SpamShield 真实数据（CC-BY-4.0）
FR1143,"Nan mec, ma voiture est censée être pleine de gens",0,normal,SpamShield 真实数据（CC-BY-4.0）
FR1144,Vous avez été spécialement sélectionné pour recevoir un prix de 2000 livres! Appelez le 08712402050 AVANT la fermeture des lignes. Coût 10ppm. 16+. Les T&C s'appliquent. AG Promo,1,spam,SpamShield 真实数据（CC-BY-4.0）
FR1145,PRIVÉ! Votre relevé de compte 2004 pour 07742676969 indique 786 points Bonus non remboursés. Pour demander un appel 08719180248 Code d'identification: 45239 Expire,1,spam,SpamShield 真实数据（CC-BY-4.0）
FR1146,"S'il vous plaît, dites-moi que mes clés de voiture ne sont pas toutes dans votre sac.",0,normal,SpamShield 真实数据（CC-BY-4.0）
FR1147,88066 A PARTIR DE 88066 LETTRE D'AIDE 3PONDE,1,spam,SpamShield 真实数据（CC-BY-4.0）
FR1148,FreeMsg Hi bébé wow vient d'obtenir une nouvelle came moby. Wanna C une photo chaude? ou Fancy a chat?Im w8in 4uTxt / rply CHAT à 82242 Hlp 08712317606 Msg150p 2rcv,1,spam,SpamShield 真实数据（CC-BY-4.0）
FR1149,"Je t'aime, tu mets le feu à mon âme, ce n'est pas qu'une étincelle, mais c'est une flamme.",0,normal,SpamShield 真实数据（CC-BY-4.0）
FR1150,u 2 appelle 09066358152 pour réclamer £5000 prix. U ont 2 entrer tous les détails mobiles et personnels ur @ les invites. Attention!,1,spam,SpamShield 真实数据（CC-BY-4.0）
FR1151,RCT' THNQ Adrian pour le texte U. Rgds Vatian,1,spam,SpamShield 真实数据（CC-BY-4.0）
FR1152,Bébé!!!! Je t'aime!!!! *couvre ton visage en baisers*,0,normal,SpamShield 真实数据（CC-BY-4.0）
FR1153,Loosu va à l'hôpital.,0,normal,SpamShield 真实数据（CC-BY-4.0）
FR1154,C'est bon.. venir chez moi c'est agréable de se rencontrer et v peut discuter..,0,normal,SpamShield 真实数据（CC-BY-4.0）
FR1155,:-) :-),0,normal,SpamShield 真实数据（CC-BY-4.0）
FR1156,"Avait votre contrat mobile 11 Mnths? Dernier Motorola, Nokia etc. tout GRATUIT! Double Mins & Texte sur les tarifs orange. TEXTE OUI pour rappel, non à supprimer des enregistrements.",1,spam,SpamShield 真实数据（CC-BY-4.0）
FR1157,Vous êtes maintenant désabonné à tous les services. Obtenez des tonnes de filles sexy ou de bouffons directement sur votre téléphone! allez à http://gotbabes.co.uk. Pas d'abonnements.,1,spam,SpamShield 真实数据（CC-BY-4.0）
FR1158,"Vous avez été sélectionné pour séjourner dans 1 des 250 meilleurs hôtels britanniques - FOR NOTHING! Holiday Worth £350! Pour réclamer, appelez Londres 02072069400. Bx 526, SW73SS",1,spam,SpamShield 真实数据（CC-BY-4.0）
FR1159,"Et pourtant, je suis en classe, tu ne peux pas y mettre de l'eau pour que ça aille.",0,normal,SpamShield 真实数据（CC-BY-4.0）
FR1160,"Merci pour le vote. Chantez maintenant avec les étoiles avec Karaoke sur votre mobile. Pour un lien GRATUIT, répondez avec SING maintenant.",1,spam,SpamShield 真实数据（CC-BY-4.0）
FR1161,Pas encore chikku..wat abt u?,0,normal,SpamShield 真实数据（CC-BY-4.0）
FR1162,"D'abord, répondez à ma question.",0,normal,SpamShield 真实数据（CC-BY-4.0）
FR1163,"Urgent UR a accordé un voyage gratuit à EuroDisinc Trav, Aco&Entry41 ou £1000. Pour réclamer txt DIS à 87121 18+6*£1.50(plusFrmMob. ShrAcomOrSglSuplt)10, LS1 3AJ",1,spam,SpamShield 真实数据（CC-BY-4.0）
FR1164,Je pense que s'il gouverne tamilnadu... alors c'est très dur pour notre peuple.,0,normal,SpamShield 真实数据（CC-BY-4.0）
FR1165,"Mila, âge23, blonde, nouveau au Royaume-Uni. Je regarde le sexe avec les gars au Royaume-Uni. si vous aimez s'amuser avec moi. Texte MTALK à 69866.18. 30pp/txt 1st 5free. £1.50 incréments. Help08718728876",1,spam,SpamShield 真实数据（CC-BY-4.0）
FR1166,Prof: vous avez passé dans tous les documents dans ce sem félicitations.... Étudiant: Enna kalaachutaarama.!! Prof:??? Gud mrng!,0,normal,SpamShield 真实数据（CC-BY-4.0）
FR1167,Pas entendu de U4 un moment. Appelez 4 rude chat ligne privée 01223585334 à cum. Wan 2C photos de moi gettin bâché puis texte PIX à 8552. 2Fin envoyer STOP 8552 SAM xxx,1,spam,SpamShield 真实数据（CC-BY-4.0）
FR1168,"C'est quoi, ton numéro de chambre?",0,normal,SpamShield 真实数据（CC-BY-4.0）
FR1169,Son potentiel dnt vivre dans &lt;#&gt; siècle cm frwd n thnk different,0,normal,SpamShield 真实数据（CC-BY-4.0）
FR1170,Je veux aller à hos 2morow. Après cela je veux cme. C'est ce que j'ai obtenu de sa chère quoi faire. Elle n'a pas dit n'importe quand,0,normal,SpamShield 真实数据（CC-BY-4.0）
FR1171,"C'est bon, on trouvera un moyen.",0,normal,SpamShield 真实数据（CC-BY-4.0）
FR1172,Voulez-vous un nouveau Nokia 3510i téléphone couleur LivréDemain? Avec 300 minutes gratuites à n'importe quel mobile + 100 textes gratuits + Caméscope gratuit réponse ou téléphoner 08000930705,1,spam,SpamShield 真实数据（CC-BY-4.0）
FR1173,Toute la journée de travail:)sauf samedi et dimanche..,0,normal,SpamShield 真实数据（CC-BY-4.0）
FR1174,Mot de passe mensuel pour wap. mobsi.com is 391784. Utilisez votre téléphone wap pas PC.,1,spam,SpamShield 真实数据（CC-BY-4.0）
FR1175,"Je mange maintenant Lor, mais je retourne bientôt au travail... le spectacle de cerfs de montagne, hein... je regarde le b4 liao, très joli...",0,normal,SpamShield 真实数据（CC-BY-4.0）
FR1176,FreeMsg:Feelin en quelque sorte l'espoir u like 2 me tenir compagnie! Jst a obtenu une cam moby want c mon pic?Txt or reply DATE to 82242 Msg150p 2rcv Hlp 08712317606 stop to 82242,1,spam,SpamShield 真实数据（CC-BY-4.0）
FR1177,"VOTRE CHANCE D'ÊTRE SUR UN COMMANDEMENT DE RÉALITÉ FANTASY SHOW maintenant = 08707509020 Juste 20p par min NTT Ltd, PO Box 1327 Croydon CR9 5WB 0870 est un appel national = tarif",1,spam,SpamShield 真实数据（CC-BY-4.0）
FR1178,"Ya ok, vikky vl c witin &lt;#&gt; mins et il répond u..",0,normal,SpamShield 真实数据（CC-BY-4.0）
FR1179,"Normalement, j'utilise pour boire plus d'eau chaque jour:)",0,normal,SpamShield 真实数据（CC-BY-4.0）
FR1180,C'est curieux parce que mon cousin m'a demandé ce que j'étais en train de faire.,0,normal,SpamShield 真实数据（CC-BY-4.0）
FR1181,Lol maintenant je suis après ce ballon d'air chaud!,0,normal,SpamShield 真实数据（CC-BY-4.0）
FR1182,Vous avez 1 nouveau message. S'il vous plaît appelez 08712400200.,1,spam,SpamShield 真实数据（CC-BY-4.0）
FR1183,"Hé, un gars que je sais respire dans mon cou pour lui trouver un bourgeon, de toute façon tu pourrais avoir une demi-traque pour usf ce soir?",0,normal,SpamShield 真实数据（CC-BY-4.0）
FR1184,Grande princesse! J'aime donner et recevoir oralement. Le style doggy est ma position fave. Et vous? J'aime faire l'amour &lt;#&gt; fois par nuit:),0,normal,SpamShield 真实数据（CC-BY-4.0）
FR1185,"Vous êtes contacté par notre service Rencontres par quelqu'un que vous connaissez! Pour savoir qui c'est, appelez depuis votre téléphone portable ou fixe 09064017305 PoBox75LDNS7",1,spam,SpamShield 真实数据（CC-BY-4.0）
FR1186,Kit Strip - vous avez été facturé 150p. Netcollex Ltd. PO Box 1013 IG11 OJOA,1,spam,SpamShield 真实数据（CC-BY-4.0）
FR1187,Howz douleur.il va descendre aujourd'hui. faire comme je l'ai dit ystrday.ice et la médecine.,0,normal,SpamShield 真实数据（CC-BY-4.0）
FR1188,Je crois que je la dérange.,0,normal,SpamShield 真实数据（CC-BY-4.0）
FR1189,Petit problème dans la vente aux enchères:)punj demandant maintenant tiwary,0,normal,SpamShield 真实数据（CC-BY-4.0）
FR1190,PRIVÉ! Votre relevé de compte de 2003 pour 07808 XXXXXX indique 800 points S. I. M. non revus. Appelez le 08719899217 Code d'identification: 41685 Expire 07/11/04,1,spam,SpamShield 真实数据（CC-BY-4.0）
FR1191,URGENT Nous essayons de vous contacter Dernier tirage du week-end spectacles u ont gagné un prix £ 1000 GUARANTIE Appelez 09064017295 Code de réclamation K52 Valable 12hrs 150p pm,1,spam,SpamShield 真实数据（CC-BY-4.0）
FR1192,Ok mal vous envoyer avec &lt;DECIMAL&gt; ok.,0,normal,SpamShield 真实数据（CC-BY-4.0）
FR1193,"YOU 07801543489 sont garantis les derniers Nokia Phone, un lecteur MP3 iPod 40 Go ou un prix £500! Txt mot:COLLECT to No:83355! TC-LLC NY-USA 150p/Mt msgrcvd18+",1,spam,SpamShield 真实数据（CC-BY-4.0）
FR1194,"Ensuite, son plus probablement appelé Mittelschmertz. Google it. Si vous n'avez pas paracétamol ne s'inquiète pas, il ira.",0,normal,SpamShield 真实数据（CC-BY-4.0）
FR1195,URGENT C'est notre 2e tentative de contacter U. Votre prix £900 de YESTERDAY est toujours en attente de collection. Pour réclamer APPELER MAINTENANT 09061702893. ACL03530150PM,1,spam,SpamShield 真实数据（CC-BY-4.0）
FR1196,Valentines Day Special! Gagnez plus de £1000 dans notre quiz et prenez votre partenaire sur le voyage d'une vie! Envoyez GO à 83600 maintenant. 150p/msg rcvd. CustCare:08718720201.,1,spam,SpamShield 真实数据（CC-BY-4.0）
FR1197,Salut mec hw r u da realy mising u aujourd'hui,0,normal,SpamShield 真实数据（CC-BY-4.0）
FR1198,Vous avez une livraison de Nouvel An vous attend. Veuillez appeler le 07046744435 maintenant pour organiser la livraison,1,spam,SpamShield 真实数据（CC-BY-4.0）
FR1199,"Quelqu'un a contacté notre service de rencontres et est entré dans votre téléphone parce qu'ils vous veulent! Pour savoir qui c'est appeler d'une ligne fixe 09058098002. PoBox1, W14RG 150p",1,spam,SpamShield 真实数据（CC-BY-4.0）
FR1200,Maman n'y va pas déjà.,0,normal,SpamShield 真实数据（CC-BY-4.0）
FR1201,Comment était le txting et la conduite,0,normal,SpamShield 真实数据（CC-BY-4.0）
FR1202,Oh oui je peux parler txt 2 u non! Hmm. Vous avez reçu un e-mail?,0,normal,SpamShield 真实数据（CC-BY-4.0）
FR1203,Notre tout nouveau service de musique mobile est maintenant en direct. Le lecteur de musique gratuit arrivera sous peu. Il suffit d'installer sur votre téléphone pour parcourir le contenu des meilleurs artistes.,1,spam,SpamShield 真实数据（CC-BY-4.0）
FR1204,Il m'a dit de ne rien dire.,0,normal,SpamShield 真实数据（CC-BY-4.0）
FR1205,2 ans et demi j'ai manqué votre amitié :-),0,normal,SpamShield 真实数据（CC-BY-4.0）
FR1206,"Thanx, mais mon anniversaire est déjà fini.",0,normal,SpamShield 真实数据（CC-BY-4.0）
FR1207,"Prix national de 1,5p/min pas cher à 7,8p/min pic! Pour arrêter les textos appelez 08712460324 (10p/min)",1,spam,SpamShield 真实数据（CC-BY-4.0）
FR1208,"Je suis acteur, quand je travaille, je travaille le soir et je dors tard, puisque je suis au chômage en ce moment, je dors toujours tard, quand tu es au chômage, tous les jours c'est samedi.",0,normal,SpamShield 真实数据（CC-BY-4.0）
FR1209,"Vous ne le croirez pas, mais c'est vrai. C'est incroyable Txts! Répondre G maintenant pour apprendre vraiment des choses étonnantes qui vont souffler votre esprit. De O2FWD seulement 18p/txt",1,spam,SpamShield 真实数据（CC-BY-4.0）
FR1210,"J'espère que votre prochain espace vous donnera tout ce que vous voulez. Rappelez-vous que tous les meubles sont à vous. Si je ne suis pas là quand vous le déplacez, verrouillez tous les verrous et laissez la clé avec Jenne.",0,normal,SpamShield 真实数据（CC-BY-4.0）
FR1211,Comment se fait-il que tu n'aies pas été viné et dîné avant?,0,normal,SpamShield 真实数据（CC-BY-4.0）
FR1212,"V-aluable. A-ffectionate. L-oveable. E-ternal. N-oble. T-ruthful. I-ntimate. N-atural. E-namous. Happy ""VALENTINES DAY"" à l'avance",0,normal,SpamShield 真实数据（CC-BY-4.0）
FR1213,"okmail: Cher Dave, voici votre dernier avis pour récupérer votre prix 4* Tenerife Holiday ou #5000 CASH! Appelez le 09061743806 de la ligne fixe. TCs SAE Box326 CW25WX 150ppm",1,spam,SpamShield 真实数据（CC-BY-4.0）
FR1214,"Tu as de l'argent pour l'essence, tu veux faire une grande aventure nature avec galiléo dans un peu?",0,normal,SpamShield 真实数据（CC-BY-4.0）
FR1215,Salut son LUCY Hubby aux meetins toute la journée Fri & I sera B seul à l'hôtel U fantaisie cumin plus? Pls laisser msg 2day 09099726395 Lucy x Calls£1/minMobsmoreLKPOBOX177HP51FL,1,spam,SpamShield 真实数据（CC-BY-4.0）
FR1216,argent!!! vous r un gagnant chanceux! 2 réclamer votre prix text money 2 88600 plus de £1million à donner! ppt150x3+normal text rate box403 w1t1jy,1,spam,SpamShield 真实数据（CC-BY-4.0）
FR1217,URGENT! Nous essayons de contacter U. Todays draw montre que vous avez gagné un prix de £800 GUARANTIEED. Appelez 09050001295 de la ligne terrestre.,1,spam,SpamShield 真实数据（CC-BY-4.0）
FR1218,"L'offre principale actuelle est 151. Pour mettre fin à cette vente, envoyez OUT. Customer Care: 08718726270",1,spam,SpamShield 真实数据（CC-BY-4.0）
FR1219,"Je viens juste de recevoir ce message, sans t'ignorer.",0,normal,SpamShield 真实数据（CC-BY-4.0）
FR1220,C'est une belle journée.,0,normal,SpamShield 真实数据（CC-BY-4.0）
FR1221,"Félicitations! Merci à un bon ami U ont WON le prix £2.000 Xmas. 2 réclamation est facile, il suffit de téléphoner 08718726971 MAINTENANT! Seulement 10p par minute. BT-national-tarif.",1,spam,SpamShield 真实数据（CC-BY-4.0）
FR1222,C'est bon...,0,normal,SpamShield 真实数据（CC-BY-4.0）
FR1223,"Free-message: Jamster! Obtenez le son fou de grenouille maintenant! Pour le texte poly MAD1, pour le texte réel MAD2 à 88888. 6 sons fous pour seulement 3 GBP/semaine! 16+seulement! T&C's appliquer",1,spam,SpamShield 真实数据（CC-BY-4.0）
FR1224,<Forwarded from 21870000>Hi - c'est votre alerte Messagerie Messagerie SMS. Vous avez 40 matches. S'il vous plaît rappeler le 09056242159 pour récupérer vos messages et matches cc100p/min,1,spam,SpamShield 真实数据（CC-BY-4.0）
FR1225,"Cher Monsieur,Salam Alaikkum.Pride et plaisir de vous rencontrer aujourd'hui au Tea Shop.Nous sommes heureux de vous envoyer notre numéro de contact au Qatar.Rakhesh an Indian.Pls sauver notre numéro.Respectful Cordialement.",0,normal,SpamShield 真实数据（CC-BY-4.0）
FR1226,S'il vous plaît APPELEZ 08712402972 immédiatement car il y a un message urgent vous attendant,1,spam,SpamShield 真实数据（CC-BY-4.0）
FR1227,J'ai dormi des nuits de merde. Je me suis endormie à 5h00 et j'ai eu un travail effrayant ce soir. Qu'est-ce que tu fais ce soir. X,0,normal,SpamShield 真实数据（CC-BY-4.0）
FR1228,Aiyar désolé lor oublié 2 dire u...,0,normal,SpamShield 真实数据（CC-BY-4.0）
FR1229,"Merci, gagnant notifié par sms. Bonne chance! Pas de réponse marketing future STOP à 84122 services à la clientèle 08450542832",1,spam,SpamShield 真实数据（CC-BY-4.0）
FR1230,URGENT! Votre numéro mobile a été attribué avec un prix de £2000 GARANTIED. Appelez 09061790126 à partir de la ligne terrestre. Réclamation 3030. Valable 12hrs seulement 150ppm,1,spam,SpamShield 真实数据（CC-BY-4.0）
FR1231,"Parfois, nous mettons des murs autour de nos cœurs, non seulement pour être à l'abri des blessures.. Mais pour trouver qui se soucie assez pour briser les murs &amp; se rapprocher.. GOODNOON:)",0,normal,SpamShield 真实数据（CC-BY-4.0）
FR1232,Que diriez-vous d'entrer en contact avec les gens qui attendent l'entreprise? Juste txt en arrière votre NOM et AGE pour choisir! Profitez de la communauté (150p/SMS),1,spam,SpamShield 真实数据（CC-BY-4.0）
FR1233,V beau! Off 2 sheffield tom 2 diffuser mes opinions sur les catégories 2 b utilisé 2 mesurer l'ethnicité dans le prochain recensement.,0,normal,SpamShield 真实数据（CC-BY-4.0）
FR1234,Tu viens au jour le jour pour le cours.,0,normal,SpamShield 真实数据（CC-BY-4.0）
FR1235,"Offre d'aujourd'hui! Réclamez une valeur de £150 de bons de réduction! Texte OUI à 85023 maintenant! SavaMob, membre offre mobile! T Cs 08717898035. £3.00 Sub. 16. Unsub reply X",1,spam,SpamShield 真实数据（CC-BY-4.0）
FR1236,Salut je suis poursuivi. J'ai 20 ans et je travaille comme un lapdancer. J'aime le sexe. Text me live - Je suis ma chambre maintenant. text SUE à 89555. Par TextOperator G2 1DA 150ppmsg 18+,1,spam,SpamShield 真实数据（CC-BY-4.0）
FR1237,"Ha. Vous ne savez pas non plus. J'ai fait une chose intelligente mais simple avec des poires l'autre jour, parfait pour Noël.",0,normal,SpamShield 真实数据（CC-BY-4.0）
FR1238,http//tms. widelive.com/index. wml?id=820554ad0a1705572711&first=true¡C Ringtone¡,1,spam,SpamShield 真实数据（CC-BY-4.0）
FR1239,"VOTRE CHANCE D'ÊTRE SUR UNE RÉALITÉ FANTASY SHOW appel maintenant = 08707509020 Juste 20p par min NTT Ltd, PO Box 1327 Croydon CR9 5WB 0870 est un appel national = tarif.",1,spam,SpamShield 真实数据（CC-BY-4.0）
FR1240,Check Out Choose Your Babe Videos @ sms.shsex.netUN fgkslpoPW fgkslpo,1,spam,SpamShield 真实数据（CC-BY-4.0）
FR1241,C'est bon.,0,normal,SpamShield 真实数据（CC-BY-4.0）
FR1242,U ont un admirateur secret qui cherche 2 faire contact avec U-find qui ils R*revel qui pense UR si spécial-appel sur 09058094565,1,spam,SpamShield 真实数据（CC-BY-4.0）
FR1243,Quelqu'un U know a demandé à notre service de rencontres 2 vous contacter! Cant Devinez qui? APPELER 09058091854 MAINTENANT tout sera révélé. PO BOX385 M6 6WU,1,spam,SpamShield 真实数据（CC-BY-4.0）
FR1244,Appelez l'Allemagne pour seulement 1 pence par minute! Appelez depuis une ligne fixe via le numéro d'accès 0844 861 85 85. Pas de prépaiement. Accès direct!,1,spam,SpamShield 真实数据（CC-BY-4.0）
FR1245,L'Inde doit prendre la tête :),0,normal,SpamShield 真实数据（CC-BY-4.0）
FR1246,Pas besoin d'acheter le déjeuner pour moi.. Je mange maggi mee..,0,normal,SpamShield 真实数据（CC-BY-4.0）
FR1247,Vous avez WON une garantie de 1000 £ cash ou un prix £2000. Pour réclamer le prix yr appelez notre représentant du service à la clientèle au 08714712379 entre 10h et 19h Coût 10p,1,spam,SpamShield 真实数据（CC-BY-4.0）
FR1248,Certains d'entre eux ont dit que l'accentuation n'est pas confirmé. Est-ce vrai.,0,normal,SpamShield 真实数据（CC-BY-4.0）
FR1249,Vous avez gagné un prix garanti £200 ou même £1000 pour réclamer UR prix appel gratuit sur 08000407165 (18+) 2 stop getstop sur 88222 PHP. RG21 4JX,1,spam,SpamShield 真实数据（CC-BY-4.0）
FR1250,Wat est arrivé à la croisière,0,normal,SpamShield 真实数据（CC-BY-4.0）
FR1251,"Hack Chat. Obtenez l'entrée backdoor dans 121 salons de discussion à une fraction du coût. Répondre NEO69 ou téléphoner 09050280520, pour s'abonner 25p pm. DPS, Bcm box 8027 Ldn, wc1n3xx",1,spam,SpamShield 真实数据（CC-BY-4.0）
FR1252,"Sunshine Quiz Wkly Q! Gagnez un meilleur lecteur DVD Sony si vous savez dans quel pays se trouve l'Algarve? Txt ansr à 82277. £1,50 SP:Tyrone",1,spam,SpamShield 真实数据（CC-BY-4.0）
FR1253,Gagnez un prix en argent de £1000 ou un prix d'une valeur de £5000,1,spam,SpamShield 真实数据（CC-BY-4.0）
FR1254,Décembre seulement! Avait votre mobile 11mths+? Vous avez le droit de mettre à jour la dernière caméra couleur mobile gratuitement! Appelez The Mobile Update Co GRATUIT au 08002986906,1,spam,SpamShield 真实数据（CC-BY-4.0）
FR1255,Il n'y a rien de plus que de ne pas rentrer à la maison 4 dîners?,0,normal,SpamShield 真实数据（CC-BY-4.0）
FR1256,Sera-t-il utile si nous proposons d'y retourner demain?,0,normal,SpamShield 真实数据（CC-BY-4.0）
FR1257,Vous avez un emploi dans le wipro :) vous obtiendrez tout dans la vie dans 2 ou 3 ans.,0,normal,SpamShield 真实数据（CC-BY-4.0）
FR1258,Nouveau TEXTBUDDY Chat 2 gars excités dans la zone ur 4 juste 25p Gratuit 2 recevoir Search postcode ou sur gaytextbuddy.com. TXT ONE nom à 89693,1,spam,SpamShield 真实数据（CC-BY-4.0）
FR1259,Ü dun wan regarder une affaire infernale?,0,normal,SpamShield 真实数据（CC-BY-4.0）
FR1260,Papa dit de se dépêcher.,0,normal,SpamShield 真实数据（CC-BY-4.0）
FR1261,3. Vous avez reçu votre contenu mobile.,1,spam,SpamShield 真实数据（CC-BY-4.0）
FR1262,"Gagnez le plus récent d'Harry Potter et l'Ordre du Phénix (Livre 5) réponse HARRY, répondre 5 questions - chance d'être le premier parmi les lecteurs!",1,spam,SpamShield 真实数据（CC-BY-4.0）
FR1263,"C'est la 2ème tentative de contracter U, vous avez gagné cette semaine le premier prix soit £1000 cash ou £200 prix. Il suffit d'appeler 09066361921",1,spam,SpamShield 真实数据（CC-BY-4.0）
FR1264,LA VIE n'a jamais été aussi amusante et géniale jusqu'à ce que vous soyez venu. Vous l'avez fait vraiment spécial pour moi. Je ne vous oublierai pas! profiter @ un gbp/sms,1,spam,SpamShield 真实数据（CC-BY-4.0）
FR1265,"Vous avez gagné?1 000 espèces ou un?2 000 prix! Pour réclamer, composez le09050000327",1,spam,SpamShield 真实数据（CC-BY-4.0）
FR1266,Tu vas me faire gémir?,0,normal,SpamShield 真实数据（CC-BY-4.0）
FR1267,"Oui, je pense que mon gars habituel s'est encore évanoui de la nuit dernière, si tu trouves quelqu'un, préviens-moi et je jetterai la balle.",0,normal,SpamShield 真实数据（CC-BY-4.0）
FR1268,Répondre à gagner £100 hebdomadaire! Où se tiendra la Coupe du Monde de la FIFA 2006? Envoyer STOP à 87239 pour terminer le service,1,spam,SpamShield 真实数据（CC-BY-4.0）
FR1269,Tu peux m'envoyer le numéro de Ashley?,0,normal,SpamShield 真实数据（CC-BY-4.0）
FR1270,"GRATUITS2DAY sexy St George's Day pic of Jordan!Txt PIC à 89080 à ne pas manquer, puis chaque wk une bonne fête!4 photos de plus c PocketBabe.co.uk 0870241182716 £3/wk",1,spam,SpamShield 真实数据（CC-BY-4.0）
FR1271,"Urgent! appelez le 09061749602 de Landline. Votre 4* Tenerife Holiday gratuit ou £10,000 en espèces attendent la collection SAE T&Cs BOX 528 HP20 1YF 150ppm 18+",1,spam,SpamShield 真实数据（CC-BY-4.0）
FR1272,Tu pourrais m'envoyer un pix?,0,normal,SpamShield 真实数据（CC-BY-4.0）
